1161,1,0,0,807,376,39,14,3,0,0,8,87,160,1309,406,2,24,4,3,0,0,0,2024,0,2,3,0,1,2,412,1,0,1,0,6,5,10,39,12,6,0,0,1,0,2,7,239,3,21,0,0,874,517,29,0,4,0,2,4,2,0,592,213,1180,1,44,1,16,1,84,1,8,18,0,0,17,0,0,0,19,205,0,0,0,0,0,0,0,0,3,36,0,1,0,0,0,0,2,37,0,0,0,0,0,0,8,1,0,0,0,0,0,0,1,0,0,0,0,0,0,0,0,16,1,0,0,0,0,5,0,0,0,0,0,0,0,0,0,0,25,1,31,0,0,0,11,0,0,0,0,11,531,189,4,0,0,29,0,33,14,0,0,0,1
0,1399,0,0,0,0,0,0,0,3,52,0,0,0,0,0,0,8,1732,46,911,291,26,0,0,0,0,0,0,4,0,0,0,6,3,0,353,54,0,0,0,0,769,6,163,0,0,0,20,0,27,491,0,0,0,0,1,487,65,796,1253,481,0,0,0,103,22,0,1,0,0,0,764,22,0,0,0,1,0,0,0,0,0,0,0,0,6,0,0,0,0,0,0,0,4,3,1,2,0,0,1,0,0,0,0,0,0,0,0,0,0,0,2,0,0,0,0,0,1,0,12,0,0,0,0,0,0,0,0,0,0,0,0,1,3,1,1,2,0,0,0,7,12,0,0,0,0,0,0,0,0,15,0,25,10,20,1,2,0,0,0,0,1,0,0
0,0,5681,31,0,1,7,838,58,1,0,3,0,0,5,2890,4,0,3,2,0,0,1,0,0,98,674,775,1340,130,0,0,1,3,1,0,0,0,0,0,17,0,1,0,1,1550,1425,2,8,30,0,0,2,4,15,0,2,0,0,0,0,0,0,0,0,0,149,749,3,6,0,0,0,1,0,0,0,0,7,1,0,0,0,6,1,0,0,0,0,0,1,4,0,1,0,0,0,0,1,0,1,29,2,43,5,0,0,0,0,0,0,2,0,1,0,0,9,0,0,0,0,17,8,0,1,1,0,0,0,0,0,0,1,0,0,0,0,0,0,0,0,1,45,33,0,0,0,0,0,0,0,418,324,223,81,6,0,2,15,2,2,0,0,0,0
0,0,0,3443,0,0,1,4,3,0,0,1141,0,2,3,190,138,15,0,0,0,0,2,0,3,1956,15,1159,1123,3,0,0,2,21,0,34,0,4,0,0,233,0,0,0,0,1600,1,0,93,1057,0,0,3,0,9,6,4,1,1,0,0,0,1,0,0,1,114,669,298,29,0,0,1,32,1,0,0,0,2,1,0,0,0,6,0,0,0,0,0,0,6,10,0,0,0,0,0,0,0,0,0,3,0,4,31,1,0,0,0,0,0,0,0,0,0,0,2,0,0,0,0,4,1,0,0,0,0,0,0,0,1,0,2,0,0,0,0,0,0,0,0,0,11,1,0,3,0,0,0,0,0,73,237,166,93,10,0,3,15,3,4,6,0,0,0
0,0,0,0,364,872,31,13,1,1,0,1,36,121,307,1568,2,43,2,1,4,0,0,292,0,0,9,1,1,17,292,0,0,2,0,0,3,12,40,6,2,0,0,0,0,1,9,155,3,19,0,0,233,1397,166,0,2,2,0,1,0,1,94,165,72,3,102,0,11,1,131,4,5,14,0,0,18,0,0,0,20,217,0,0,0,0,0,0,0,0,9,30,0,1,0,0,0,1,0,29,0,0,0,0,0,0,1,0,0,0,0,0,0,0,1,0,1,0,0,0,0,0,0,6,0,2,0,0,1,8,0,0,0,0,0,0,0,0,1,1,15,0,67,0,0,0,1,0,1,0,0,21,268,228,5,2,1,7,0,18,16,0,0,0,0
0,0,0,0,0,6592,2653,154,64,13,0,9,13,82,145,4131,7,90,0,0,0,0,5,189,1,1,6,1,3,25,1376,232,2,1,0,0,1,3,31,3,10,0,0,0,2,0,25,108,10,77,0,0,36,303,157,0,0,0,0,1,1,2,39,769,4,2,2501,1,0,0,1881,53,0,2,3,0,60,0,0,0,188,283,8,0,0,0,0,2,1,11,178,542,0,8,0,0,0,0,0,80,0,0,0,0,0,0,40,1,0,0,0,0,0,1,4,0,1,0,0,0,0,0,0,1,0,4,0,0,6,256,38,0,0,0,0,0,0,1,5,8,33,0,362,0,0,0,30,0,0,0,0,163,2182,792,36,11,0,332,5,72,27,2,0,0,2
0,0,0,0,0,0,3254,1560,76,20,0,90,2,32,115,3795,3,20,1,2,0,0,2,20,3,2,8,2,4,43,82,0,0,0,1,1,0,0,1,40,8,0,0,0,9,11,78,6,7,175,0,0,31,149,138,0,1,1,1,0,0,0,7,16,2,3,989,4,10,0,45,41,1,2,0,0,3,1,0,0,2,1,43,0,0,0,0,19,0,3,143,172,0,1,0,0,0,0,0,1,0,0,1,0,23,0,0,0,0,0,0,0,0,0,0,1,0,0,0,0,0,1,0,0,0,4,0,0,14,16,78,0,0,0,0,0,0,0,0,0,0,0,137,0,14,0,0,0,0,0,0,398,515,468,172,20,1,8,24,11,8,4,0,0,0
0,0,0,0,0,0,0,3068,408,46,0,12,0,8,42,4267,1,1,0,0,0,0,4,4,0,2,36,2,42,369,13,3,0,2,0,1,0,0,0,5,1,0,0,0,23,15,2505,1,0,50,0,0,4,71,65,0,1,0,0,0,0,1,2,4,0,27,847,2,3,1,23,293,0,1,0,0,1,0,2,0,0,0,0,9,0,0,0,0,0,0,17,11,2,1,0,0,0,0,1,0,0,3,0,6,47,1,0,0,0,0,0,0,0,0,0,0,0,0,0,0,0,9,0,0,0,0,0,0,0,0,2,0,0,0,0,0,0,0,0,0,0,0,49,1,0,4,0,0,0,0,0,47,116,63,36,41,0,2,30,4,3,1,0,1,0
0,0,0,0,0,0,0,0,904,444,0,7,0,2,15,35,1,1,0,1,0,1,12,1,55,351,56,1,1,707,10,1,26,19,2,59,9,6,0,4,105,0,0,0,89,0,460,0,23,8,0,0,5,8,9,60,20,0,1,0,0,9,0,11,0,160,559,68,4,3,20,880,9,109,10,0,0,0,0,0,0,0,0,0,1,5,0,0,0,0,0,0,0,0,0,0,0,0,0,0,4,10,6,0,0,18,0,0,0,2,0,8,0,2,0,0,8,0,0,0,0,0,18,0,0,0,0,0,0,0,0,9,4,1,0,0,0,0,0,0,0,0,26,3,0,0,0,8,0,6,0,118,50,52,10,56,0,3,4,0,0,0,1,0,0
0,0,0,0,0,0,0,0,0,82,44,1,0,1,6,32,0,1,53,35,21,3,173,1,29,12,15,0,0,106,0,0,0,1,0,6,6,8,0,0,4,0,10,0,907,1,3,0,0,2,0,1,2,4,8,4,37,16,23,6,7,60,0,0,0,350,362,8,1,1,2,60,11,9,0,0,0,6,2,0,0,0,0,0,0,0,15,0,0,0,0,0,0,0,10,9,3,0,2,0,2,1,6,0,0,10,0,0,0,0,0,0,0,0,0,0,1,0,7,0,82,0,2,0,1,0,0,1,1,0,0,0,8,3,7,0,1,6,0,0,0,23,160,4,0,0,0,2,0,2,0,19,6,6,3,455,0,0,0,0,1,0,27,0,0
0,0,0,0,0,0,0,0,0,0,8030,0,0,0,6,2,1,0,143,5739,15,250,15,0,0,0,4,0,1,2,0,0,0,10,1,0,8,15,0,0,0,0,2053,1,7087,0,0,0,9,0,0,3,1,0,0,1,4,82,420,7,3,15,0,0,1,3880,61,0,0,0,0,0,12,45,1,0,0,8,0,0,0,0,0,0,0,0,91,0,0,0,0,0,0,0,10,8,3,0,0,0,3,0,1,0,0,0,0,0,0,0,0,0,1,0,0,0,0,0,4,0,132,0,0,0,0,0,0,1,0,0,0,0,1,2,2,3,2,8,0,0,0,39,22,0,0,0,0,0,2,0,0,49,4,18,17,31,0,0,0,0,0,0,7,0,0
0,0,0,0,0,0,0,0,0,0,0,1911,7,1140,302,297,30,21,2,1,0,0,0,19,7,205,15,27,188,15,0,0,3,12,0,49,13,45,32,1361,97,0,1,1,2,9,18,27,16,1769,1,0,1818,6,131,2,10,0,0,3,1,0,107,0,11,2,62,140,1810,7,0,2,8,143,1,0,0,0,0,0,0,5,1,0,0,0,0,2,0,1,28,23,0,0,0,0,0,0,0,0,0,0,0,0,24,0,0,0,0,0,0,0,0,0,0,0,0,0,0,0,0,1,0,0,0,2,0,0,2,3,15,0,1,0,0,0,0,0,0,0,0,0,2,0,10,5,0,0,1,0,0,52,1115,146,30,1,0,2,9,2,2,0,0,0,0
0,0,0,0,0,0,0,0,0,0,0,0,120,104,14,14,1,15,0,0,0,0,0,400,0,0,0,0,0,0,1,0,1,0,0,0,0,1,552,6,4,0,0,0,0,0,0,277,0,21,0,0,46,23,0,0,0,0,0,0,0,0,155,5,666,0,3,0,0,0,1,0,0,0,0,0,0,0,0,0,1,1,0,0,0,0,0,0,0,0,0,1,0,0,0,0,0,0,0,0,0,0,0,0,0,0,0,0,0,0,0,0,0,0,0,0,0,0,0,0,0,0,0,0,0,0,0,0,0,0,0,0,0,0,0,0,0,0,0,0,0,0,2,0,0,0,0,0,0,0,0,5,76,59,4,0,0,1,0,0,0,0,0,0,0
0,0,0,0,0,0,0,0,0,0,0,0,0,2202,329,262,1,22,1,1,1,0,0,567,6,43,4,6,12,2,6,0,4,16,0,66,25,38,1119,824,222,0,0,0,0,2,2,15,18,1075,1,0,3984,185,79,2,4,2,1,1,0,0,1500,5,398,0,12,16,73,0,2,0,13,175,3,0,1,0,0,0,1,7,0,0,0,0,0,0,0,0,2,6,0,0,0,0,0,0,0,1,0,0,0,0,0,0,0,0,0,0,0,0,0,0,0,0,0,0,0,0,0,0,0,0,0,1,0,0,0,2,2,0,0,0,0,0,0,0,1,0,0,0,5,0,0,0,0,0,0,0,0,58,753,65,10,1,0,0,1,0,1,0,0,0,0
0,0,0,0,0,0,0,0,0,0,0,0,0,0,8739,739,15,62,63,38,19,0,1,224,77,3,125,104,546,68,8,0,0,10,1,13,108,107,12,69,46,0,1,0,3,229,83,16,15,384,7,0,7713,2495,5126,3,251,17,52,33,14,12,313,0,17,19,124,53,1613,861,0,11,97,222,1,0,15,1,1,0,5,192,128,6,0,1,0,33,0,13,83,180,2,3,0,0,0,0,0,4,2,4,5,0,28,6,1,0,1,1,0,2,1,0,8,7,4,0,0,0,0,2,5,2,0,43,0,0,24,48,39,0,3,1,0,0,0,0,5,1,4,0,137,4,85,1,1,0,0,2,0,375,3300,492,153,6,0,1,28,21,33,2,0,0,1
0,0,0,0,0,0,0,0,0,0,0,0,0,0,0,24686,28,139,12,10,4,2,11,94,1,12,339,25,2044,178,394,3,5,11,0,3,10,7,34,76,37,0,0,0,4,48,555,74,53,843,0,0,189,3263,12996,0,17,4,3,3,3,2,111,58,8,24,642,141,150,1672,549,37,8,12,2,0,16,0,2,9,18,170,175,17,1,0,0,47,0,11,86,149,1,6,1,1,0,1,0,23,1,5,1,6,108,4,4,0,0,0,0,0,0,0,4,15,1,0,1,0,0,10,1,3,3,48,0,0,28,51,38,0,4,0,1,0,0,0,7,1,3,0,334,6,67,13,4,0,0,0,0,1740,3129,2287,493,31,2,22,72,57,55,12,1,1,1
0,0,0,0,0,0,0,0,0,0,0,0,0,0,0,0,131,140,3,3,0,1,5,13,3,105,18,10,31,5,0,0,10,40,58,6,5,21,0,2,142,0,2,22,0,20,3,52,636,803,1,0,6,0,10,1,15,0,1,0,0,3,0,12,9,6,8,32,3,6,0,3,2,19,7,0,0,0,0,1,0,0,0,0,0,0,0,0,0,0,0,0,0,0,0,0,0,0,0,0,0,0,0,0,2,0,0,0,0,0,0,0,0,1,0,0,0,0,0,0,0,1,0,0,0,0,0,0,0,0,0,0,0,0,0,0,0,0,0,0,0,0,1,1,0,0,0,0,0,0,0,2,28,511,5,1,21,0,1,0,0,0,0,0,0
0,0,0,0,0,0,0,0,0,0,0,0,0,0,0,0,0,211,0,0,4,8,13,194,2,0,6,2,10,6,6,2,0,22,24,4,6,39,69,7,22,0,4,13,0,2,1,1244,476,1336,1,0,16,26,34,0,1,1,0,2,3,8,4,51,113,1,39,1,12,3,4,2,12,22,0,0,1,0,0,0,2,3,0,0,0,0,0,0,0,0,4,7,0,0,0,0,0,0,0,1,0,0,0,0,1,1,0,0,0,0,0,0,0,0,0,0,0,0,0,0,0,0,0,0,0,1,0,0,0,2,0,0,1,0,0,0,0,0,0,0,0,0,5,0,1,0,0,0,0,0,0,7,83,355,0,18,12,10,0,0,0,0,0,0,0
0,0,0,0,0,0,0,0,0,0,0,0,0,0,0,0,0,0,3996,622,374,44,10,1,862,6,52,4,16,58,0,1,0,22,3,1,422,142,1,0,1,0,1711,7,153,5,1,0,90,5,37,27,40,5,11,0,772,7667,3279,1558,448,93,1,0,0,446,145,38,6,21,0,1,609,1663,3,0,0,10,0,0,0,1,0,0,0,0,18,0,0,0,0,1,0,0,22,18,20,3,1,0,10,0,5,0,0,7,0,0,0,0,0,0,2,2,0,0,0,0,8,0,47,0,0,0,0,0,0,0,0,1,0,1,5,5,24,11,15,16,0,0,0,36,22,0,0,0,0,2,2,4,0,125,10,61,40,30,2,1,0,0,0,0,4,0,0
0,0,0,0,0,0,0,0,0,0,0,0,0,0,0,0,0,0,0,4857,102,19,2,0,10,4,892,2,8,325,0,0,3,37,1,7,57,65,0,1,3,0,2528,2,1403,8,2,0,32,4,8,19,12,7,19,0,1478,370,4113,38,20,33,1,0,0,3174,51,17,0,16,0,9,57,110,4,0,0,6,0,0,0,0,0,0,0,0,11,0,0,0,0,0,0,0,10,9,6,3,0,0,2,2,2,0,0,4,0,0,0,2,0,0,1,0,0,0,1,0,6,0,16,0,0,0,1,0,0,0,1,0,0,0,3,3,6,1,3,5,0,0,0,18,12,2,0,0,0,0,1,3,0,181,26,58,43,37,1,2,3,0,0,0,2,0,0
0,0,0,0,0,0,0,0,0,0,0,0,0,0,0,0,0,0,0,0,5107,443,222,3,3,0,7,0,4,18,0,0,0,10,2,1,481,26,0,0,0,0,83,35,195,0,0,0,9,0,1545,470,4,1,0,1,3,283,196,255,3676,4859,0,2,0,168,52,1,1,1,0,0,421,38,0,0,0,10,0,0,0,0,0,0,0,0,13,0,0,0,0,0,0,0,14,17,6,4,0,0,6,0,3,0,0,0,0,0,0,0,0,0,2,0,0,0,0,0,7,0,49,0,0,0,1,0,0,0,0,0,0,0,3,8,9,2,7,3,0,0,0,27,43,0,0,0,0,0,2,3,0,16,3,23,5,163,2,0,5,0,0,0,2,0,0
0,0,0,0,0,0,0,0,0,0,0,0,0,0,0,0,0,0,0,0,0,14208,791,0,0,0,0,0,1,0,0,0,0,14,0,0,86,26,0,0,0,0,231,18,6682,1,0,1,20,0,33,989,0,0,0,0,0,80,9,0,12,6496,0,1,0,151,6,0,0,0,0,0,35,23,0,0,1,1,0,0,0,0,0,0,0,0,10,0,0,0,0,0,0,0,3,2,1,25,0,0,1,0,0,0,0,0,0,0,0,0,0,0,1,0,0,0,0,0,1,0,7,0,0,0,0,0,0,0,0,0,0,0,0,1,2,0,0,1,0,0,0,3,4,0,0,0,0,0,0,0,0,41,3,29,12,146,8,1,1,0,0,0,1,0,0
0,0,0,0,0,0,0,0,0,0,0,0,0,0,0,0,0,0,0,0,0,0,2171,14,4,1,3,1,5,7,0,14,1,80,296,0,104,58,0,0,2,0,21,957,975,6,1,6,109,5,676,7,0,2,1,0,7,9,2,9,9,2503,0,7,3,33,16,0,0,0,0,3,65,33,0,0,0,0,0,0,0,0,0,0,0,0,1,0,0,0,0,0,0,0,1,0,0,0,0,0,0,0,2,0,0,0,0,0,0,0,0,0,0,0,0,0,0,0,1,0,4,0,1,0,0,0,0,0,0,0,0,0,1,0,1,0,1,0,0,0,0,2,0,0,0,0,0,0,0,0,0,9,5,74,32,3236,299,23,0,0,1,0,0,0,0
0,0,0,0,0,0,0,0,0,0,0,0,0,0,0,0,0,0,0,0,0,0,0,2755,0,1,0,0,4,1,570,120,1,9,4,4,10,16,252,25,34,0,0,2,1,1,1,636,42,68,0,0,177,60,7,1,1,0,0,1,1,5,601,1395,7516,0,64,0,13,0,457,2,4,28,0,0,6,0,0,0,5,70,1,0,0,0,0,0,0,0,0,10,0,0,0,0,0,0,0,10,0,0,0,0,1,0,5,1,0,0,0,0,0,0,0,0,0,0,0,0,0,0,1,3,0,0,0,0,0,2,0,0,0,0,0,0,0,0,0,0,10,0,10,0,0,0,3,0,0,0,0,14,1083,622,2,2,1,624,0,5,4,0,0,0,2
0,0,0,0,0,0,0,0,0,0,0,0,0,0,0,0,0,0,0,0,0,0,0,0,1723,427,136,18,45,163,0,0,0,40,1,13,97,134,0,4,6,0,0,0,20,22,0,0,35,8,3,0,59,6,9,323,5927,3,120,65,3,0,0,0,0,111,176,573,43,8,0,15,89,4237,7,0,0,4,0,0,0,0,0,0,2,0,1,0,0,0,0,0,0,0,3,4,6,0,0,0,7,1,5,0,0,20,0,0,0,0,0,0,0,1,0,0,0,0,2,0,9,0,0,0,0,0,0,0,0,0,1,0,20,3,15,5,5,4,0,0,0,12,14,1,0,0,0,10,1,6,0,44,3,36,22,9,1,1,2,0,1,0,1,0,0
0,0,0,0,0,0,0,0,0,0,0,0,0,0,0,0,0,0,0,0,0,0,0,0,0,6309,436,174,113,92,0,0,31,282,0,1142,14,54,1,44,3102,0,0,0,4,123,35,3,326,767,2,0,17,0,0,642,1347,3,9,1,1,1,5,0,0,16,296,4001,149,3,0,48,9,1111,32,0,0,0,21,2,0,0,0,7,10,0,0,0,0,0,0,3,0,0,0,0,0,0,1,0,1,23,51,63,5,36,0,0,1,2,0,4,1,3,0,0,30,0,0,0,0,29,23,0,2,0,0,0,0,0,0,6,35,0,1,0,0,0,0,0,0,0,41,95,0,0,0,12,1,7,0,28,28,101,43,15,0,2,29,3,3,1,0,1,0
0,0,0,0,0,0,0,0,0,0,0,0,0,0,0,0,0,0,0,0,0,0,0,0,0,0,6965,255,167,3068,1,0,54,17,0,44,17,16,0,2,73,0,1,2,6,708,1839,3,92,47,1,0,22,57,391,42,8339,14,223,9,3,3,4,1,0,191,65,3791,10,153,0,17,8,121,13,0,0,0,2,1,0,0,0,3,10,2,0,0,0,0,1,2,0,0,2,2,1,0,1,0,12,18,55,4,2,63,0,0,2,5,0,10,3,3,0,0,23,0,0,0,4,5,33,0,5,1,0,0,0,0,1,6,54,0,4,1,3,1,0,0,0,11,22,36,0,2,0,44,2,19,1,291,116,307,126,20,0,4,13,0,4,0,2,0,0
0,0,0,0,0,0,0,0,0,0,0,0,0,0,0,0,0,0,0,0,0,0,0,0,0,0,0,4826,720,2,0,0,0,3,0,0,22,34,0,2,7,0,0,0,0,7351,6,2,31,22,5,0,14,2,11,3,37,1,4,1,0,0,2,0,0,1,44,6184,58,47,0,0,16,60,3,0,0,0,6,3,0,0,0,6,1,0,0,0,0,0,0,6,0,0,0,0,0,0,0,0,1,33,5,19,8,1,0,1,0,1,0,6,0,0,0,0,16,0,0,0,0,21,13,0,1,0,0,0,0,0,0,2,2,0,0,0,0,0,0,0,0,0,20,27,0,0,0,1,0,2,0,173,160,196,80,5,0,5,7,2,1,0,1,0,0
0,0,0,0,0,0,0,0,0,0,0,0,0,0,0,0,0,0,0,0,0,0,0,0,0,0,0,0,7407,31,0,0,1,6,1,2,43,87,0,1,5,0,1,2,1,11086,36,4,34,76,4,0,544,11,635,8,132,3,9,4,2,5,6,0,0,7,158,636,3534,5286,0,1,42,242,0,0,0,0,5,15,0,0,10,72,0,0,0,7,0,0,39,64,2,1,0,0,0,0,1,0,0,10,3,9,139,2,0,0,0,0,0,0,0,0,0,0,1,0,0,0,0,30,2,1,2,5,0,0,0,0,10,0,3,0,0,0,0,0,0,0,0,0,76,2,16,26,0,1,0,0,0,823,1693,795,237,25,1,14,27,19,21,12,0,0,1
0,0,0,0,0,0,0,0,0,0,0,0,0,0,0,0,0,0,0,0,0,0,0,0,0,0,0,0,0,5589,7,1,27,27,0,16,119,36,0,2,27,0,0,1,565,47,3190,0,40,25,11,0,7,52,147,29,738,12,123,52,7,14,0,3,0,1924,395,49,3,26,3,5430,105,126,16,0,1,4,4,0,0,0,0,3,13,0,0,1,0,0,1,3,1,0,13,12,7,0,3,1,24,6,48,2,3,143,0,0,1,9,0,0,7,5,0,0,6,0,0,0,15,1,13,0,6,2,0,0,0,0,0,4,85,3,16,16,8,8,0,0,0,23,58,21,0,0,0,84,12,32,0,194,59,152,51,57,1,0,42,0,3,2,7,0,0
0,0,0,0,0,0,0,0,0,0,0,0,0,0,0,0,0,0,0,0,0,0,0,0,0,0,0,0,0,0,1154,228,0,1,0,0,0,0,2,1,4,0,0,0,0,0,1,33,1,3,0,0,0,87,7,0,0,0,0,0,0,1,4,2388,158,0,477,0,0,0,1599,5,0,2,0,0,4,0,0,0,4,102,0,0,0,0,0,0,0,0,1,1,0,1,0,0,0,0,0,10,0,0,0,0,0,0,40,20,0,0,0,0,0,0,0,0,0,0,0,0,1,0,0,2,0,0,0,0,0,0,0,0,0,0,0,0,0,0,1,28,7,0,27,0,0,0,6,0,0,0,0,3,617,138,0,2,0,416,0,23,6,0,0,0,8
0,0,0,0,0,0,0,0,0,0,0,0,0,0,0,0,0,0,0,0,0,0,0,0,0,0,0,0,0,0,0,26,0,1,1,0,0,1,0,0,0,0,0,1,0,0,0,26,2,0,0,0,0,0,0,0,0,0,0,0,0,0,0,221,21,0,320,0,0,0,166,5,0,1,0,0,1,0,0,0,0,1,0,0,0,0,0,0,0,0,0,0,0,0,0,0,0,0,0,1,0,0,0,0,0,0,1,2,0,0,0,0,0,0,0,0,0,0,0,0,0,0,0,0,0,0,0,0,0,1,0,0,0,0,0,0,0,0,0,3,0,0,1,0,0,0,2,0,0,0,0,6,22,170,6,1,5,254,0,10,1,1,0,0,9
0,0,0,0,0,0,0,0,0,0,0,0,0,0,0,0,0,0,0,0,0,0,0,0,0,0,0,0,0,0,0,0,452,2245,109,400,0,15,1,0,628,0,0,0,3,1,0,5,874,66,0,0,1,0,0,0,11,0,1,0,0,0,3,1,0,13,17,4,0,0,0,3,1,300,752,0,0,0,0,0,0,0,0,0,0,0,0,0,0,0,0,0,0,0,0,0,0,0,0,0,0,0,0,0,0,1,0,0,0,0,0,0,0,0,0,0,1,0,0,0,0,1,0,0,0,0,0,0,0,0,0,0,0,0,0,0,0,0,0,0,0,0,1,3,0,0,0,0,0,0,0,5,4,40,5,1,0,0,0,0,0,0,0,0,0
0,0,0,0,0,0,0,0,0,0,0,0,0,0,0,0,0,0,0,0,0,0,0,0,0,0,0,0,0,0,0,0,0,3287,2542,3385,69,622,0,7,1159,0,18,676,15,9,0,9,3737,96,22,0,31,0,0,9,47,10,18,1,4,46,12,0,0,31,18,14,7,3,0,5,172,7347,856,0,0,0,0,0,0,0,0,0,6,1,0,0,0,0,0,0,0,0,1,0,0,0,0,0,1,1,12,0,0,11,0,0,0,0,1,1,1,0,0,0,1,0,0,0,1,0,8,0,1,0,0,0,0,0,0,3,15,0,0,0,1,0,0,0,0,2,5,3,0,0,0,6,2,2,0,68,10,70,24,178,138,4,6,0,0,1,0,0,0
0,0,0,0,0,0,0,0,0,0,0,0,0,0,0,0,0,0,0,0,0,0,0,0,0,0,0,0,0,0,0,0,0,0,520,25,22,38,0,0,8,0,4,1100,1,2,0,0,1519,2,4,0,0,0,0,0,1,0,2,0,3,7,0,0,0,1,0,3,0,0,0,1,36,793,3,0,0,0,0,0,0,0,0,0,0,0,0,0,0,0,0,0,0,0,0,0,0,0,0,0,0,0,0,0,0,0,0,0,0,0,0,0,0,0,0,0,0,0,0,0,0,0,0,0,0,0,0,0,0,0,0,0,0,0,2,0,0,0,0,0,0,0,0,0,0,0,0,0,0,0,0,25,0,50,12,56,662,2,0,0,0,0,0,0,0
0,0,0,0,0,0,0,0,0,0,0,0,0,0,0,0,0,0,0,0,0,0,0,0,0,0,0,0,0,0,0,0,0,0,0,1209,5,29,1,12,2022,0,0,0,2,1,1,6,321,90,0,0,23,0,1,129,43,1,6,1,0,0,14,0,0,9,82,7,3,2,0,6,5,733,207,0,0,0,3,0,0,0,0,0,9,1,0,0,0,0,1,0,0,0,0,0,0,0,0,0,1,3,37,2,0,21,0,0,1,1,0,0,1,2,0,0,3,0,0,0,0,0,11,0,3,0,0,0,0,0,0,1,30,0,0,1,1,0,0,0,0,1,8,21,0,0,0,5,0,3,0,1,3,15,6,0,0,0,9,0,4,0,0,0,0
0,0,0,0,0,0,0,0,0,0,0,0,0,0,0,0,0,0,0,0,0,0,0,0,0,0,0,0,0,0,0,0,0,0,0,0,3912,757,1,3,4,0,63,667,52,11,1,1,19,9,3244,17,118,5,2,12,24,204,68,687,1010,467,10,1,1,166,59,56,34,2,0,5,3832,336,0,0,0,6,0,0,0,0,0,0,0,0,5,0,0,0,0,0,0,0,11,9,7,0,0,0,10,0,5,0,0,28,0,0,0,1,0,0,6,0,0,0,0,0,2,0,18,0,0,1,1,0,0,1,0,0,0,1,19,5,11,8,6,2,0,0,0,27,7,0,0,0,0,12,2,4,0,27,4,28,11,137,4,1,1,0,1,0,1,0,0
0,0,0,0,0,0,0,0,0,0,0,0,0,0,0,0,0,0,0,0,0,0,0,0,0,0,0,0,0,0,0,0,0,0,0,0,0,7146,0,12,52,0,65,696,23,11,0,12,316,53,11,4,183,6,1,25,57,102,33,267,11,101,17,0,3,33,46,68,69,2,0,5,5204,12500,0,0,0,1,0,0,0,0,0,0,1,0,0,0,0,0,0,1,0,0,6,4,3,0,0,0,2,0,21,0,0,27,0,0,1,1,0,0,1,1,0,0,0,0,1,0,9,0,2,0,1,0,0,0,0,0,0,0,28,3,3,4,4,1,0,0,0,6,11,1,0,0,0,10,1,2,0,185,8,77,17,333,9,5,5,0,1,0,0,0,0
0,0,0,0,0,0,0,0,0,0,0,0,0,0,0,0,0,0,0,0,0,0,0,0,0,0,0,0,0,0,0,0,0,0,0,0,0,0,217,76,32,0,0,0,0,0,0,345,1,230,0,0,39,52,10,0,0,0,0,0,0,0,97,5,337,0,9,0,0,0,1,0,1,4,0,0,0,0,0,0,0,4,0,0,0,0,0,0,0,0,0,2,0,0,0,0,0,0,0,1,0,0,0,0,0,0,0,0,0,0,0,0,0,0,0,0,0,0,0,0,0,0,0,0,0,1,0,0,0,0,0,0,0,0,0,0,0,0,0,0,0,0,5,0,0,0,0,0,0,0,0,56,197,160,9,0,0,1,0,0,0,0,0,0,0
0,0,0,0,0,0,0,0,0,0,0,0,0,0,0,0,0,0,0,0,0,0,0,0,0,0,0,0,0,0,0,0,0,0,0,0,0,0,0,103,25,0,0,0,0,1,0,53,1,755,0,0,71,4,8,1,1,0,0,0,0,0,48,0,3,1,3,18,23,0,0,2,1,43,0,0,0,0,0,0,0,0,0,0,0,0,0,1,0,0,6,5,0,0,0,0,0,0,0,0,0,0,1,0,0,0,0,0,0,0,0,0,0,0,0,0,0,0,0,0,0,0,0,0,0,0,0,0,0,2,5,0,2,0,0,0,0,0,0,0,0,0,1,0,0,0,0,0,0,0,0,46,683,160,28,0,0,0,2,0,1,0,0,0,0
0,0,0,0,0,0,0,0,0,0,0,0,0,0,0,0,0,0,0,0,0,0,0,0,0,0,0,0,0,0,0,0,0,0,0,0,0,0,0,0,2041,0,0,0,1,6,6,83,1390,1005,0,0,67,4,4,27,28,0,2,0,1,0,87,1,0,9,152,40,10,0,0,16,6,453,684,0,0,0,9,0,0,0,0,7,5,1,0,0,0,0,3,3,0,0,0,0,0,0,0,0,1,7,11,12,1,14,0,0,0,0,0,1,0,2,0,0,10,0,0,0,0,0,11,0,0,0,0,0,0,3,0,2,10,0,0,0,0,0,0,0,0,0,15,30,1,0,0,1,0,4,0,0,44,342,76,10,0,1,8,0,1,2,0,1,0
0,0,0,0,0,0,0,0,0,0,0,0,0,0,0,0,0,0,0,0,0,0,0,0,0,0,0,0,0,0,0,0,0,0,0,0,0,0,0,0,0,0,0,0,0,0,0,0,0,0,0,0,0,0,0,0,0,0,0,0,0,0,0,0,0,0,0,0,0,0,0,0,0,0,0,0,0,0,0,0,0,0,0,0,0,0,0,0,0,0,0,0,0,0,0,0,0,0,0,0,0,0,0,0,0,0,0,0,0,0,0,0,0,0,0,0,0,0,0,0,0,0,0,0,0,0,0,0,0,0,0,0,0,0,0,0,0,0,0,0,0,0,0,0,0,0,0,0,0,0,0,0,0,0,0,0,0,0,0,0,0,0,0,0,0
0,0,0,0,0,0,0,0,0,0,0,0,0,0,0,0,0,0,0,0,0,0,0,0,0,0,0,0,0,0,0,0,0,0,0,0,0,0,0,0,0,0,4188,5,2859,2,0,1,60,1,7,150,0,0,0,0,0,3928,452,4,25,68,0,0,0,146,17,0,0,0,0,0,66,85,0,0,0,7,0,0,0,0,0,0,0,0,8,0,0,0,0,0,0,0,8,4,7,0,0,0,0,0,1,0,0,1,0,0,0,0,0,0,0,0,0,0,0,0,6,0,18,0,0,0,0,0,0,1,0,0,0,0,1,3,1,1,5,6,0,0,0,18,9,0,0,1,0,0,2,0,0,108,13,38,37,101,4,0,0,0,0,0,4,0,0
0,0,0,0,0,0,0,0,0,0,0,0,0,0,0,0,0,0,0,0,0,0,0,0,0,0,0,0,0,0,0,0,0,0,0,0,0,0,0,0,0,0,0,483,3,3,0,0,571,0,175,1,1,0,0,0,0,1,0,3,11,481,0,2,0,0,1,0,1,0,1,1,616,156,0,0,0,0,0,0,0,0,0,0,0,0,0,0,0,0,0,0,0,0,0,0,0,0,0,0,0,0,0,0,0,1,0,0,0,0,0,0,0,0,0,0,0,0,0,0,0,0,0,0,0,0,0,0,0,0,0,0,0,0,0,0,0,0,0,0,0,0,0,0,0,0,0,0,0,0,0,37,2,32,12,296,1030,7,0,0,0,0,0,0,0
0,0,0,0,0,0,0,0,0,0,0,0,0,0,0,0,0,0,0,0,0,0,0,0,0,0,0,0,0,0,0,0,0,0,0,0,0,0,0,0,0,0,0,0,6066,1,0,1,26,4,10,172,1,3,3,1,14,261,379,0,9,939,0,0,0,3209,475,0,1,1,1,100,19,33,1,0,0,5,0,0,0,0,0,0,0,0,44,0,0,0,0,0,0,0,16,21,20,13,1,0,2,0,1,0,0,6,0,0,0,0,0,0,3,0,0,0,0,0,10,0,72,0,0,0,2,0,0,0,0,0,0,0,2,2,16,4,9,17,0,0,0,35,31,0,0,0,0,0,1,3,0,71,7,32,19,670,4,1,0,0,0,1,15,0,0
0,0,0,0,0,0,0,0,0,0,0,0,0,0,0,0,0,0,0,0,0,0,0,0,0,0,0,0,0,0,0,0,0,0,0,0,0,0,0,0,0,0,0,0,0,6587,12,1,29,22,1,0,20,2,27,1,165,7,3,1,0,1,1,0,0,3,113,1721,48,113,0,0,8,28,1,0,0,0,8,4,0,0,1,19,0,0,0,0,0,0,4,26,0,0,0,0,0,0,0,0,1,15,3,18,27,0,0,0,0,1,0,1,0,1,0,0,5,0,0,0,0,21,3,0,0,0,0,0,0,0,0,0,2,0,1,0,0,0,0,0,0,0,59,19,0,1,0,0,1,0,0,758,846,526,213,10,1,16,11,3,3,2,0,0,0
0,0,0,0,0,0,0,0,0,0,0,0,0,0,0,0,0,0,0,0,0,0,0,0,0,0,0,0,0,0,0,0,0,0,0,0,0,0,0,0,0,0,0,0,0,0,1360,0,3,20,0,0,3,79,122,0,1,0,0,0,0,0,1,2,0,40,246,37,1,2,8,249,0,0,1,0,2,0,7,0,0,1,1,1,1,0,0,1,0,0,2,3,0,0,0,1,0,0,0,1,0,14,5,20,2,4,0,0,0,1,0,2,0,0,0,0,5,0,0,0,0,3,2,0,0,0,0,0,0,0,0,0,1,0,0,0,0,0,0,0,0,0,13,16,1,0,0,2,0,1,0,65,111,92,57,1,0,0,16,3,0,2,0,0,0
0,0,0,0,0,0,0,0,0,0,0,0,0,0,0,0,0,0,0,0,0,0,0,0,0,0,0,0,0,0,0,0,0,0,0,0,0,0,0,0,0,0,0,0,0,0,0,354,56,1146,0,1,6,43,4,0,0,0,0,0,0,1,5,256,1236,0,54,1,0,0,6,0,3,6,3,0,1,0,0,0,3,3,0,0,0,0,0,0,0,0,0,4,0,0,0,0,0,0,0,0,0,0,0,0,0,0,2,0,0,0,0,0,0,0,0,0,0,0,0,0,0,0,0,0,0,0,0,0,0,0,0,0,0,0,0,0,0,0,0,0,1,0,12,0,0,0,0,0,0,0,0,120,422,405,36,1,0,38,0,1,0,0,0,0,0
0,0,0,0,0,0,0,0,0,0,0,0,0,0,0,0,0,0,0,0,0,0,0,0,0,0,0,0,0,0,0,0,0,0,0,0,0,0,0,0,0,0,0,0,0,0,0,0,2605,671,1,1,10,3,10,1,48,56,19,14,7,25,9,15,30,16,20,71,5,2,1,7,66,1419,217,0,0,0,1,0,0,0,0,1,0,0,1,0,0,0,1,2,1,0,0,1,0,0,0,0,0,0,1,3,0,7,0,0,0,0,0,1,0,0,0,0,1,0,0,0,1,0,2,0,0,0,0,0,0,1,0,0,4,0,0,0,0,0,0,0,0,1,1,5,0,0,0,3,1,0,0,111,32,1146,208,65,135,12,0,0,0,1,0,0,0
0,0,0,0,0,0,0,0,0,0,0,0,0,0,0,0,0,0,0,0,0,0,0,0,0,0,0,0,0,0,0,0,0,0,0,0,0,0,0,0,0,0,0,0,0,0,0,0,0,3216,0,0,171,45,246,7,18,0,0,1,0,0,74,1,2,1,92,96,38,11,0,10,9,107,36,0,0,0,1,1,0,7,3,2,0,0,0,1,0,0,29,27,0,0,0,0,0,0,0,1,0,0,0,1,18,0,0,0,0,0,0,0,0,0,0,0,0,0,0,0,0,0,1,0,0,0,0,0,0,1,4,0,1,0,0,1,0,0,0,0,0,0,18,0,3,1,0,0,0,1,0,163,510,1837,131,12,0,2,14,1,2,1,0,0,0
0,0,0,0,0,0,0,0,0,0,0,0,0,0,0,0,0,0,0,0,0,0,0,0,0,0,0,0,0,0,0,0,0,0,0,0,0,0,0,0,0,0,0,0,0,0,0,0,0,0,1780,3,14,1,1,2,6,14,6,29,623,979,0,0,0,10,1,3,2,0,0,1,94,18,0,0,0,1,0,0,0,0,0,0,0,0,0,0,0,0,0,0,0,0,1,0,1,0,0,0,0,0,0,0,0,3,0,0,0,0,0,0,2,0,0,0,0,0,0,0,0,0,0,0,0,0,0,0,0,0,0,0,0,0,0,1,0,1,0,0,0,3,0,0,0,0,0,0,0,1,0,4,0,2,0,12,4,1,0,0,0,0,0,0,0
0,0,0,0,0,0,0,0,0,0,0,0,0,0,0,0,0,0,0,0,0,0,0,0,0,0,0,0,0,0,0,0,0,0,0,0,0,0,0,0,0,0,0,0,0,0,0,0,0,0,0,36,0,0,0,0,0,107,9,2,75,1028,0,0,0,4,1,0,0,0,0,0,3,3,0,0,0,0,0,0,0,0,0,0,0,0,0,0,0,0,0,0,0,0,0,1,0,2,0,0,0,0,0,0,0,0,0,0,0,0,0,0,0,0,0,0,0,0,0,0,1,0,0,0,0,0,0,0,0,0,0,0,0,0,0,0,0,0,0,0,0,0,0,0,0,0,0,0,0,0,0,5,0,2,2,6,0,0,0,0,0,0,0,0,0
0,0,0,0,0,0,0,0,0,0,0,0,0,0,0,0,0,0,0,0,0,0,0,0,0,0,0,0,0,0,0,0,0,0,0,0,0,0,0,0,0,0,0,0,0,0,0,0,0,0,0,0,7606,216,74,0,80,19,9,14,4,5,823,1,8,6,13,37,1653,1,0,0,75,186,1,0,0,0,0,0,1,38,21,0,0,0,0,4,0,1,26,33,0,2,0,0,0,0,0,0,0,1,1,0,0,1,0,0,0,0,0,0,0,0,0,0,0,0,0,0,0,0,0,0,0,4,0,0,4,13,14,0,1,0,0,0,0,0,0,0,0,1,15,0,4,0,0,0,0,1,0,151,1510,243,59,0,0,0,4,4,1,1,0,0,0
0,0,0,0,0,0,0,0,0,0,0,0,0,0,0,0,0,0,0,0,0,0,0,0,0,0,0,0,0,0,0,0,0,0,0,0,0,0,0,0,0,0,0,0,0,0,0,0,0,0,0,0,0,1420,2301,0,7,4,1,3,3,0,96,7,4,4,38,0,0,7,24,21,1,9,0,0,8,0,0,0,14,100,2,0,0,0,0,0,2,0,14,46,0,0,0,0,0,0,1,10,1,1,0,0,0,0,0,0,0,0,0,0,0,0,0,0,0,0,0,0,0,0,0,1,0,0,0,0,0,32,2,0,0,0,0,0,0,0,1,1,1,0,48,0,1,0,3,0,0,0,0,84,421,173,8,3,0,1,0,5,3,1,0,0,0
0,0,0,0,0,0,0,0,0,0,0,0,0,0,0,0,0,0,0,0,0,0,0,0,0,0,0,0,0,0,0,0,0,0,0,0,0,0,0,0,0,0,0,0,0,0,0,0,0,0,0,0,0,0,5703,0,53,3,7,1,0,0,8,1,0,22,54,26,65,1817,2,28,2,6,0,0,2,0,0,2,2,25,87,8,0,0,0,25,0,4,19,61,0,1,0,0,0,0,0,2,0,0,0,0,20,0,0,0,0,0,0,1,0,1,0,3,1,0,0,0,0,1,0,1,1,33,0,0,10,13,16,0,0,0,1,0,0,0,2,0,1,0,53,0,51,1,1,0,0,2,0,297,1440,521,201,2,0,2,16,9,14,3,0,0,0
0,0,0,0,0,0,0,0,0,0,0,0,0,0,0,0,0,0,0,0,0,0,0,0,0,0,0,0,0,0,0,0,0,0,0,0,0,0,0,0,0,0,0,0,0,0,0,0,0,0,0,0,0,0,0,45,373,0,0,1,1,0,0,0,0,1,45,93,2,0,0,13,19,416,1,0,0,0,0,0,0,0,0,0,1,0,0,0,0,0,0,0,0,0,0,0,0,0,0,0,3,0,1,0,0,4,0,0,0,1,0,1,0,1,0,0,0,0,0,0,0,0,0,0,1,0,0,0,0,0,0,0,4,0,0,0,0,0,0,0,0,0,6,0,0,0,0,3,0,1,0,1,1,0,0,1,0,0,1,0,1,0,0,0,0
0,0,0,0,0,0,0,0,0,0,0,0,0,0,0,0,0,0,0,0,0,0,0,0,0,0,0,0,0,0,0,0,0,0,0,0,0,0,0,0,0,0,0,0,0,0,0,0,0,0,0,0,0,0,0,0,9246,37,756,24,3,1,0,0,0,250,85,3110,27,85,0,7,42,447,15,0,0,0,1,0,0,0,0,0,1,0,0,0,0,0,0,2,0,0,3,3,2,0,0,0,7,3,24,1,1,41,0,0,0,4,0,2,1,2,0,0,0,0,1,0,3,1,11,0,2,0,0,0,0,0,0,5,35,2,4,4,4,0,0,0,0,2,7,2,0,0,0,27,1,5,1,85,13,141,45,31,1,5,10,1,2,1,0,0,0
0,0,0,0,0,0,0,0,0,0,0,0,0,0,0,0,0,0,0,0,0,0,0,0,0,0,0,0,0,0,0,0,0,0,0,0,0,0,0,0,0,0,0,0,0,0,0,0,0,0,0,0,0,0,0,0,0,2164,781,239,57,55,0,0,0,111,40,29,2,6,0,0,243,214,0,0,0,8,0,0,0,0,0,0,0,0,7,0,0,0,0,0,0,0,2,6,1,1,0,0,2,0,2,0,0,2,0,0,0,0,0,0,1,1,0,0,0,0,2,0,19,0,0,0,1,0,0,0,0,0,0,0,1,0,0,1,3,5,0,0,0,15,5,0,0,0,0,1,1,1,0,83,6,18,26,41,1,0,0,0,0,0,2,0,0
0,0,0,0,0,0,0,0,0,0,0,0,0,0,0,0,0,0,0,0,0,0,0,0,0,0,0,0,0,0,0,0,0,0,0,0,0,0,0,0,0,0,0,0,0,0,0,0,0,0,0,0,0,0,0,0,0,0,1840,124,96,46,0,0,0,801,73,24,0,10,0,0,87,49,5,0,0,1,0,0,0,0,0,0,0,0,3,0,0,0,0,0,0,0,5,3,9,0,0,0,3,0,3,0,0,3,0,0,0,0,0,0,2,0,0,0,0,0,1,0,10,0,1,0,1,0,0,0,0,0,0,0,4,1,4,3,2,5,0,0,0,7,16,0,0,0,0,0,2,2,0,50,2,24,17,16,0,0,1,0,1,0,0,0,0
0,0,0,0,0,0,0,0,0,0,0,0,0,0,0,0,0,0,0,0,0,0,0,0,0,0,0,0,0,0,0,0,0,0,0,0,0,0,0,0,0,0,0,0,0,0,0,0,0,0,0,0,0,0,0,0,0,0,0,42,354,27,0,0,0,68,27,17,4,0,0,0,375,599,0,0,0,5,0,0,0,0,0,0,0,0,1,0,0,0,0,0,0,0,12,3,9,0,0,0,6,0,1,0,0,4,0,0,0,1,0,0,2,0,0,0,0,0,0,0,10,0,0,1,1,0,0,1,0,0,0,0,5,1,8,2,4,8,0,0,0,10,5,0,0,0,0,0,2,4,0,23,0,10,6,7,0,0,0,0,2,0,0,0,0
0,0,0,0,0,0,0,0,0,0,0,0,0,0,0,0,0,0,0,0,0,0,0,0,0,0,0,0,0,0,0,0,0,0,0,0,0,0,0,0,0,0,0,0,0,0,0,0,0,0,0,0,0,0,0,0,0,0,0,0,1016,246,1,0,0,31,15,4,1,2,0,0,542,12,0,0,0,3,0,0,0,0,0,0,0,0,3,0,0,0,0,0,0,0,5,3,2,1,0,0,1,0,2,0,0,1,0,0,0,0,0,0,2,0,0,0,0,0,2,0,10,0,0,0,0,0,0,0,0,0,1,0,0,4,2,2,2,0,0,0,0,9,4,0,0,0,0,0,1,1,0,7,0,9,3,4,1,0,1,0,1,0,0,0,0
0,0,0,0,0,0,0,0,0,0,0,0,0,0,0,0,0,0,0,0,0,0,0,0,0,0,0,0,0,0,0,0,0,0,0,0,0,0,0,0,0,0,0,0,0,0,0,0,0,0,0,0,0,0,0,0,0,0,0,0,0,4092,0,2,0,57,63,3,2,0,1,3,90,30,0,0,0,4,0,0,0,0,0,0,0,0,6,0,0,0,0,0,0,0,4,6,3,20,0,0,0,0,0,0,0,3,0,0,0,0,0,0,0,0,0,0,0,0,2,0,15,0,0,0,0,0,1,0,0,0,0,0,0,2,6,0,1,4,0,0,0,16,7,0,0,0,0,1,1,0,0,22,1,32,14,1104,70,2,0,0,0,0,3,0,0
0,0,0,0,0,0,0,0,0,0,0,0,0,0,0,0,0,0,0,0,0,0,0,0,0,0,0,0,0,0,0,0,0,0,0,0,0,0,0,0,0,0,0,0,0,0,0,0,0,0,0,0,0,0,0,0,0,0,0,0,0,0,278,3,209,0,1,3,7,0,2,0,9,41,4,0,1,0,0,0,2,5,0,0,0,0,0,0,0,0,1,3,0,0,0,0,0,0,0,3,0,0,0,0,0,0,0,0,0,0,0,0,0,0,0,0,0,0,0,0,0,0,0,0,0,0,0,0,0,2,0,0,1,0,0,0,0,0,0,0,0,0,0,0,0,0,2,0,0,0,0,24,248,27,2,0,0,0,0,2,0,0,0,0,0
0,0,0,0,0,0,0,0,0,0,0,0,0,0,0,0,0,0,0,0,0,0,0,0,0,0,0,0,0,0,0,0,0,0,0,0,0,0,0,0,0,0,0,0,0,0,0,0,0,0,0,0,0,0,0,0,0,0,0,0,0,0,0,563,625,1,419,0,0,0,662,6,0,3,0,0,0,0,0,0,1,16,0,0,0,0,0,0,0,0,1,1,0,0,0,0,0,0,0,3,0,0,0,0,0,0,14,2,0,0,0,0,0,0,0,0,0,0,0,0,0,0,0,1,0,0,0,0,0,0,0,0,0,0,0,0,0,0,0,3,3,0,12,0,0,0,1,0,0,0,0,2,644,353,1,1,0,415,0,10,3,0,0,0,2
0,0,0,0,0,0,0,0,0,0,0,0,0,0,0,0,0,0,0,0,0,0,0,0,0,0,0,0,0,0,0,0,0,0,0,0,0,0,0,0,0,0,0,0,0,0,0,0,0,0,0,0,0,0,0,0,0,0,0,0,0,0,0,0,3376,0,3,0,2,0,24,0,0,0,0,0,0,0,0,0,0,13,1,0,0,0,0,0,0,0,0,0,0,0,0,0,0,0,0,2,0,0,0,0,0,0,10,2,0,0,0,0,0,0,0,0,0,0,0,0,0,0,0,1,0,0,0,0,0,0,0,0,0,0,0,0,0,0,0,4,0,0,3,0,0,0,2,0,0,0,0,6,557,461,0,0,0,172,0,4,1,0,0,0,2
0,0,0,0,0,0,0,0,0,0,0,0,0,0,0,0,0,0,0,0,0,0,0,0,0,0,0,0,0,0,0,0,0,0,0,0,0,0,0,0,0,0,0,0,0,0,0,0,0,0,0,0,0,0,0,0,0,0,0,0,0,0,0,0,0,3450,317,10,0,7,0,564,93,94,14,0,0,5,0,0,0,0,0,0,0,0,15,0,0,0,1,0,0,0,7,8,6,3,0,0,9,0,4,0,1,6,0,0,1,2,1,2,0,2,0,0,0,0,3,0,33,0,1,0,2,0,0,1,0,0,0,0,11,2,14,3,6,5,0,0,0,16,17,2,0,0,0,2,1,6,0,126,13,52,30,107,3,2,7,0,1,2,4,0,0
0,0,0,0,0,0,0,0,0,0,0,0,0,0,0,0,0,0,0,0,0,0,0,0,0,0,0,0,0,0,0,0,0,0,0,0,0,0,0,0,0,0,0,0,0,0,0,0,0,0,0,0,0,0,0,0,0,0,0,0,0,0,0,0,0,0,1498,95,124,37,890,250,90,246,9,0,3,3,8,17,1,30,37,103,24,4,9,8,0,2,51,159,0,0,13,12,10,0,1,15,16,18,32,39,79,51,40,2,2,2,0,6,1,6,1,0,18,0,2,0,38,51,30,1,7,5,0,1,2,19,34,8,24,7,14,5,3,10,0,29,11,27,728,41,9,21,12,29,5,11,0,237,459,328,56,223,0,309,92,94,27,14,9,0,2
0,0,0,0,0,0,0,0,0,0,0,0,0,0,0,0,0,0,0,0,0,0,0,0,0,0,0,0,0,0,0,0,0,0,0,0,0,0,0,0,0,0,0,0,0,0,0,0,0,0,0,0,0,0,0,0,0,0,0,0,0,0,0,0,0,0,0,8529,120,26,0,9,35,377,11,0,0,0,9,0,0,0,0,4,2,0,0,1,0,0,2,1,0,0,0,0,0,0,0,1,3,59,17,49,6,8,0,0,3,3,0,11,0,1,0,0,31,0,0,0,0,18,10,0,1,0,0,0,0,0,0,3,3,0,2,1,0,0,0,0,0,0,23,41,0,0,0,9,0,4,1,176,144,400,123,19,0,9,13,1,4,1,0,0,0
0,0,0,0,0,0,0,0,0,0,0,0,0,0,0,0,0,0,0,0,0,0,0,0,0,0,0,0,0,0,0,0,0,0,0,0,0,0,0,0,0,0,0,0,0,0,0,0,0,0,0,0,0,0,0,0,0,0,0,0,0,0,0,0,0,0,0,0,3280,7,0,1,28,106,0,0,0,0,1,1,0,0,17,2,0,0,0,5,0,0,34,47,1,1,0,0,0,0,0,0,0,1,1,0,43,1,0,1,0,0,0,0,0,0,0,0,0,0,0,1,0,0,1,0,0,4,0,0,0,0,32,0,0,0,0,0,0,0,0,0,0,0,18,1,24,1,0,0,0,2,0,42,823,121,46,2,0,1,27,3,6,6,0,0,0
0,0,0,0,0,0,0,0,0,0,0,0,0,0,0,0,0,0,0,0,0,0,0,0,0,0,0,0,0,0,0,0,0,0,0,0,0,0,0,0,0,0,0,0,0,0,0,0,0,0,0,0,0,0,0,0,0,0,0,0,0,0,0,0,0,0,0,0,0,2867,0,0,0,12,0,0,0,0,0,3,0,0,3,17,0,0,0,1,0,0,16,11,1,0,0,0,0,0,0,0,0,0,3,1,47,0,0,0,0,0,0,0,0,0,0,0,0,0,0,0,0,2,0,0,1,4,0,0,0,0,2,0,2,0,0,0,0,0,0,0,0,0,25,0,6,9,0,0,0,0,0,139,544,218,110,0,0,2,15,9,14,3,0,0,0
0,0,0,0,0,0,0,0,0,0,0,0,0,0,0,0,0,0,0,0,0,0,0,0,0,0,0,0,0,0,0,0,0,0,0,0,0,0,0,0,0,0,0,0,0,0,0,0,0,0,0,0,0,0,0,0,0,0,0,0,0,0,0,0,0,0,0,0,0,0,512,16,0,0,0,0,20,0,0,0,8,122,0,0,0,0,0,0,0,0,1,14,0,0,0,0,0,0,1,38,0,0,0,0,0,0,90,0,0,0,0,0,0,0,0,0,0,0,1,0,0,0,0,1,0,0,0,0,0,1,0,0,0,0,1,0,0,0,0,22,24,0,31,0,0,0,29,0,0,0,0,1,577,208,1,2,0,426,0,55,8,0,0,0,10
0,0,0,0,0,0,0,0,0,0,0,0,0,0,0,0,0,0,0,0,0,0,0,0,0,0,0,0,0,0,0,0,0,0,0,0,0,0,0,0,0,0,0,0,0,0,0,0,0,0,0,0,0,0,0,0,0,0,0,0,0,0,0,0,0,0,0,0,0,0,0,1094,6,13,5,0,0,0,0,0,0,0,0,0,6,0,0,0,0,0,0,0,0,0,2,1,2,0,1,0,1,1,9,0,0,22,0,0,0,4,0,1,1,2,0,0,3,0,0,0,0,0,0,0,8,0,0,0,0,0,0,0,24,1,0,1,0,1,0,0,0,2,9,0,0,0,0,10,2,6,0,50,13,45,13,24,0,0,10,0,1,1,0,0,0
0,0,0,0,0,0,0,0,0,0,0,0,0,0,0,0,0,0,0,0,0,0,0,0,0,0,0,0,0,0,0,0,0,0,0,0,0,0,0,0,0,0,0,0,0,0,0,0,0,0,0,0,0,0,0,0,0,0,0,0,0,0,0,0,0,0,0,0,0,0,0,0,1539,914,0,0,0,10,0,0,0,0,0,0,1,0,1,0,0,0,0,0,0,0,6,11,8,0,0,0,7,0,8,0,0,21,0,0,0,4,0,1,4,1,0,0,0,0,2,0,14,0,0,0,2,0,0,0,0,0,0,1,20,4,13,7,6,7,0,0,0,21,7,1,0,0,0,7,5,7,0,76,3,22,6,220,5,3,8,0,1,0,1,0,0
0,0,0,0,0,0,0,0,0,0,0,0,0,0,0,0,0,0,0,0,0,0,0,0,0,0,0,0,0,0,0,0,0,0,0,0,0,0,0,0,0,0,0,0,0,0,0,0,0,0,0,0,0,0,0,0,0,0,0,0,0,0,0,0,0,0,0,0,0,0,0,0,0,12009,304,0,0,0,2,0,0,0,0,1,16,0,0,0,0,0,1,0,0,0,4,4,1,0,1,0,4,2,43,0,0,53,0,0,0,6,1,1,2,5,0,0,3,0,0,0,5,0,5,0,3,0,0,0,0,0,1,3,46,1,1,2,1,2,0,0,0,5,23,5,0,0,0,18,4,4,0,315,17,139,84,242,26,2,17,0,4,0,0,0,0
0,0,0,0,0,0,0,0,0,0,0,0,0,0,0,0,0,0,0,0,0,0,0,0,0,0,0,0,0,0,0,0,0,0,0,0,0,0,0,0,0,0,0,0,0,0,0,0,0,0,0,0,0,0,0,0,0,0,0,0,0,0,0,0,0,0,0,0,0,0,0,0,0,0,40,0,0,0,1,0,0,0,0,0,1,0,0,0,0,0,1,0,0,0,0,0,0,0,0,0,0,1,0,0,0,0,0,0,0,0,0,1,0,0,0,0,0,0,0,0,0,0,0,0,0,0,0,0,0,0,0,0,0,0,0,0,0,0,0,0,0,0,0,2,0,0,0,1,0,0,0,0,0,11,0,2,0,0,0,0,0,1,0,0,0
0,0,0,0,0,0,0,0,0,0,0,0,0,0,0,0,0,0,0,0,0,0,0,0,0,0,0,0,0,0,0,0,0,0,0,0,0,0,0,0,0,0,0,0,0,0,0,0,0,0,0,0,0,0,0,0,0,0,0,0,0,0,0,0,0,0,0,0,0,0,0,0,0,0,0,0,0,0,0,0,0,0,0,0,0,0,0,0,0,0,0,0,0,0,0,0,0,0,0,0,0,0,0,0,0,0,0,0,0,0,0,0,0,0,0,0,0,0,0,0,0,0,0,0,0,0,0,0,0,0,0,0,0,0,0,0,0,0,0,0,0,0,0,0,0,0,0,0,0,0,0,0,0,0,0,0,0,0,0,0,0,0,0,0,0
0,0,0,0,0,0,0,0,0,0,0,0,0,0,0,0,0,0,0,0,0,0,0,0,0,0,0,0,0,0,0,0,0,0,0,0,0,0,0,0,0,0,0,0,0,0,0,0,0,0,0,0,0,0,0,0,0,0,0,0,0,0,0,0,0,0,0,0,0,0,0,0,0,0,0,0,941,1,0,0,324,450,94,22,4,2,0,1,3,6,214,556,1,8,0,0,1,2,4,1586,0,0,3,0,2,10,266,1,0,0,0,0,0,0,9,1,1,0,0,0,0,0,17,82,0,3,0,0,24,912,80,0,0,2,1,0,0,1,207,232,640,1,38,0,7,3,214,6,4,3,0,1,16,3,0,0,0,0,8,214,102,9,1,0,5
0,0,0,0,0,0,0,0,0,0,0,0,0,0,0,0,0,0,0,0,0,0,0,0,0,0,0,0,0,0,0,0,0,0,0,0,0,0,0,0,0,0,0,0,0,0,0,0,0,0,0,0,0,0,0,0,0,0,0,0,0,0,0,0,0,0,0,0,0,0,0,0,0,0,0,0,0,2477,0,0,1,0,0,0,0,1,107,0,0,1,4,1,0,4,1965,145,416,16,5,1,5,0,5,0,1,10,0,0,0,2,1,0,908,20,0,0,0,0,2311,0,118,1,0,2,2,0,14,1417,5,1,0,0,5,1788,433,717,2173,147,0,0,0,150,37,0,1,2,0,0,44,15,0,1,0,0,0,3,0,0,5,0,7,1,2,0,0
0,0,0,0,0,0,0,0,0,0,0,0,0,0,0,0,0,0,0,0,0,0,0,0,0,0,0,0,0,0,0,0,0,0,0,0,0,0,0,0,0,0,0,0,0,0,0,0,0,0,0,0,0,0,0,0,0,0,0,0,0,0,0,0,0,0,0,0,0,0,0,0,0,0,0,0,0,0,4401,79,1,0,7,726,69,0,0,2,0,0,4,3527,10,6,0,1,0,1,7,1,0,326,1151,1133,1831,78,0,0,3,4,2,3,0,0,0,0,156,0,2,1,0,2184,952,7,61,20,0,0,2,1,25,0,108,0,0,0,0,0,1,0,1,2,49,1215,2,168,0,1,1,4,0,0,1,1,1,0,0,0,486,288,223,46,3,2,2
0,0,0,0,0,0,0,0,0,0,0,0,0,0,0,0,0,0,0,0,0,0,0,0,0,0,0,0,0,0,0,0,0,0,0,0,0,0,0,0,0,0,0,0,0,0,0,0,0,0,0,0,0,0,0,0,0,0,0,0,0,0,0,0,0,0,0,0,0,0,0,0,0,0,0,0,0,0,0,1652,0,0,0,47,0,0,0,724,2,1,9,204,52,13,4,0,0,0,4,6,19,1739,9,1088,1019,1,0,2,5,15,1,49,1,0,1,2,898,0,1,0,0,2099,4,7,45,387,0,0,5,0,14,12,28,4,3,0,1,0,0,0,1,0,52,340,158,55,0,1,2,10,2,5,1,3,0,0,0,0,69,98,92,42,3,4,0
0,0,0,0,0,0,0,0,0,0,0,0,0,0,0,0,0,0,0,0,0,0,0,0,0,0,0,0,0,0,0,0,0,0,0,0,0,0,0,0,0,0,0,0,0,0,0,0,0,0,0,0,0,0,0,0,0,0,0,0,0,0,0,0,0,0,0,0,0,0,0,0,0,0,0,0,0,0,0,0,716,798,44,15,2,0,0,0,16,11,34,2783,2,18,0,0,1,3,4,328,0,0,0,1,0,8,172,2,0,0,0,0,2,2,7,6,10,0,2,0,0,1,5,83,6,32,0,0,9,701,46,0,0,1,1,0,0,1,32,70,71,0,37,0,2,2,473,2,0,1,0,1,21,9,0,0,0,0,13,203,176,15,4,0,1
0,0,0,0,0,0,0,0,0,0,0,0,0,0,0,0,0,0,0,0,0,0,0,0,0,0,0,0,0,0,0,0,0,0,0,0,0,0,0,0,0,0,0,0,0,0,0,0,0,0,0,0,0,0,0,0,0,0,0,0,0,0,0,0,0,0,0,0,0,0,0,0,0,0,0,0,0,0,0,0,0,6543,2511,155,90,21,0,3,25,8,128,6662,1,40,0,0,0,1,14,586,4,0,1,0,1,12,909,1057,1,0,1,0,0,3,13,4,9,0,2,0,3,0,9,58,1,43,0,0,13,288,2,0,0,0,0,0,0,4,62,380,110,2,2750,1,1,0,1072,14,3,4,0,2,245,65,2,0,0,9,32,660,363,19,10,0,282
0,0,0,0,0,0,0,0,0,0,0,0,0,0,0,0,0,0,0,0,0,0,0,0,0,0,0,0,0,0,0,0,0,0,0,0,0,0,0,0,0,0,0,0,0,0,0,0,0,0,0,0,0,0,0,0,0,0,0,0,0,0,0,0,0,0,0,0,0,0,0,0,0,0,0,0,0,0,0,0,0,0,3880,2874,168,116,0,3,3,17,118,3864,0,27,2,1,0,0,17,39,8,3,11,0,6,54,4,1,0,0,0,3,0,0,2,5,4,0,0,0,15,1,203,5,0,35,0,0,7,234,31,2,3,0,0,0,0,4,9,4,0,10,655,1,8,0,11,48,1,7,0,28,39,18,7,0,0,0,96,566,191,65,22,0,0
0,0,0,0,0,0,0,0,0,0,0,0,0,0,0,0,0,0,0,0,0,0,0,0,0,0,0,0,0,0,0,0,0,0,0,0,0,0,0,0,0,0,0,0,0,0,0,0,0,0,0,0,0,0,0,0,0,0,0,0,0,0,0,0,0,0,0,0,0,0,0,0,0,0,0,0,0,0,0,0,0,0,0,4753,1211,68,0,7,0,7,40,5856,4,2,0,1,0,0,28,16,0,31,39,40,129,206,3,1,0,1,1,2,0,0,0,1,17,0,1,0,15,71,2492,0,6,21,0,1,5,86,5,0,14,0,1,0,0,8,0,1,0,26,680,53,9,80,2,372,0,3,0,13,9,7,2,0,0,0,393,289,125,75,15,1,1
0,0,0,0,0,0,0,0,0,0,0,0,0,0,0,0,0,0,0,0,0,0,0,0,0,0,0,0,0,0,0,0,0,0,0,0,0,0,0,0,0,0,0,0,0,0,0,0,0,0,0,0,0,0,0,0,0,0,0,0,0,0,0,0,0,0,0,0,0,0,0,0,0,0,0,0,0,0,0,0,0,0,0,0,627,334,1,1,0,1,12,62,0,4,1,2,1,0,14,4,27,111,74,12,2,416,0,0,6,17,2,19,10,30,0,1,77,0,0,0,75,6,1235,0,26,5,0,0,0,22,2,117,40,0,2,0,0,1,0,0,0,110,679,12,0,0,1,801,21,77,3,4,1,2,0,0,0,0,115,9,36,13,3,1,1
0,0,0,0,0,0,0,0,0,0,0,0,0,0,0,0,0,0,0,0,0,0,0,0,0,0,0,0,0,0,0,0,0,0,0,0,0,0,0,0,0,0,0,0,0,0,0,0,0,0,0,0,0,0,0,0,0,0,0,0,0,0,0,0,0,0,0,0,0,0,0,0,0,0,0,0,0,0,0,0,0,0,0,0,0,161,1,0,1,0,2,56,0,1,10,6,4,3,160,4,10,2,10,0,0,458,0,0,2,6,0,0,3,10,0,0,9,0,1,0,793,0,2,0,5,0,0,0,1,7,1,9,12,9,14,1,1,21,0,0,0,205,587,0,0,1,2,175,4,16,0,0,0,0,0,0,0,0,17,4,9,2,73,0,0
0,0,0,0,0,0,0,0,0,0,0,0,0,0,0,0,0,0,0,0,0,0,0,0,0,0,0,0,0,0,0,0,0,0,0,0,0,0,0,0,0,0,0,0,0,0,0,0,0,0,0,0,0,0,0,0,0,0,0,0,0,0,0,0,0,0,0,0,0,0,0,0,0,0,0,0,0,0,0,0,0,0,0,0,0,0,8395,0,0,0,4,2,2,2,62,2714,13,395,5,0,0,4,0,0,0,5,0,1,0,14,3,1,18,24,0,0,1,0,3043,0,10301,0,0,0,29,0,1,102,0,0,2,0,2,52,1238,19,14,40,0,0,0,4280,32,0,2,1,0,0,26,142,0,0,0,0,0,13,0,0,100,5,22,6,27,1,0
0,0,0,0,0,0,0,0,0,0,0,0,0,0,0,0,0,0,0,0,0,0,0,0,0,0,0,0,0,0,0,0,0,0,0,0,0,0,0,0,0,0,0,0,0,0,0,0,0,0,0,0,0,0,0,0,0,0,0,0,0,0,0,0,0,0,0,0,0,0,0,0,0,0,0,0,0,0,0,0,0,0,0,0,0,0,0,1690,2,300,157,243,6,10,1,0,1,0,1,20,33,21,1,3,753,5,0,0,0,0,0,6,6,15,181,1333,43,0,0,0,0,4,6,10,5,1902,1,0,565,3,148,10,15,3,3,5,0,0,60,0,0,0,19,13,2085,7,0,3,11,37,0,2,26,0,1,0,0,0,36,413,13,9,0,0,0
0,0,0,0,0,0,0,0,0,0,0,0,0,0,0,0,0,0,0,0,0,0,0,0,0,0,0,0,0,0,0,0,0,0,0,0,0,0,0,0,0,0,0,0,0,0,0,0,0,0,0,0,0,0,0,0,0,0,0,0,0,0,0,0,0,0,0,0,0,0,0,0,0,0,0,0,0,0,0,0,0,0,0,0,0,0,0,0,368,805,40,31,0,3,0,0,0,0,1,522,3,1,0,1,0,0,0,0,0,0,0,0,0,0,284,41,7,0,0,0,0,0,0,451,0,135,0,0,253,36,1,0,0,0,0,0,0,0,354,0,50,0,5,0,2,0,0,0,0,4,0,0,0,0,0,0,0,0,9,109,22,2,0,0,0
0,0,0,0,0,0,0,0,0,0,0,0,0,0,0,0,0,0,0,0,0,0,0,0,0,0,0,0,0,0,0,0,0,0,0,0,0,0,0,0,0,0,0,0,0,0,0,0,0,0,0,0,0,0,0,0,0,0,0,0,0,0,0,0,0,0,0,0,0,0,0,0,0,0,0,0,0,0,0,0,0,0,0,0,0,0,0,0,0,2358,209,114,0,4,5,1,1,0,1,264,40,7,7,0,14,7,1,0,1,0,0,6,3,13,1379,481,18,0,0,0,0,6,13,40,0,250,0,0,5288,28,45,12,14,1,3,3,1,0,929,1,24,0,7,8,317,9,0,3,7,42,0,0,2,0,0,0,0,0,34,327,20,1,1,0,0
0,0,0,0,0,0,0,0,0,0,0,0,0,0,0,0,0,0,0,0,0,0,0,0,0,0,0,0,0,0,0,0,0,0,0,0,0,0,0,0,0,0,0,0,0,0,0,0,0,0,0,0,0,0,0,0,0,0,0,0,0,0,0,0,0,0,0,0,0,0,0,0,0,0,0,0,0,0,0,0,0,0,0,0,0,0,0,0,0,0,5611,527,23,93,76,10,7,0,2,422,142,19,57,11,1420,68,6,2,10,4,1,34,59,105,14,42,123,0,1,0,1,69,80,86,19,428,4,0,6340,2713,3935,59,116,35,47,55,8,1,682,12,58,18,89,38,2505,785,8,20,86,308,6,7,20,44,2,1,0,0,686,1568,890,242,9,0,8
0,0,0,0,0,0,0,0,0,0,0,0,0,0,0,0,0,0,0,0,0,0,0,0,0,0,0,0,0,0,0,0,0,0,0,0,0,0,0,0,0,0,0,0,0,0,0,0,0,0,0,0,0,0,0,0,0,0,0,0,0,0,0,0,0,0,0,0,0,0,0,0,0,0,0,0,0,0,0,0,0,0,0,0,0,0,0,0,0,0,0,18527,28,188,5,4,0,5,26,578,29,52,136,24,1977,152,485,15,9,4,3,10,2,6,28,50,103,0,7,1,4,94,788,115,51,695,0,1,213,3514,8382,11,94,1,12,5,0,1,155,171,181,10,759,43,483,2280,577,22,8,30,1,28,88,82,13,0,0,1,1659,1763,1714,456,42,5,17
0,0,0,0,0,0,0,0,0,0,0,0,0,0,0,0,0,0,0,0,0,0,0,0,0,0,0,0,0,0,0,0,0,0,0,0,0,0,0,0,0,0,0,0,0,0,0,0,0,0,0,0,0,0,0,0,0,0,0,0,0,0,0,0,0,0,0,0,0,0,0,0,0,0,0,0,0,0,0,0,0,0,0,0,0,0,0,0,0,0,0,0,102,155,0,4,1,6,81,124,30,19,8,11,29,10,2,1,7,46,167,5,0,7,2,0,401,0,15,11,5,39,3,130,488,662,0,1,2,5,9,2,12,0,3,1,0,3,1,33,18,0,5,10,2,11,0,2,8,28,0,2,0,0,0,0,0,0,6,56,204,2,5,0,1
0,0,0,0,0,0,0,0,0,0,0,0,0,0,0,0,0,0,0,0,0,0,0,0,0,0,0,0,0,0,0,0,0,0,0,0,0,0,0,0,0,0,0,0,0,0,0,0,0,0,0,0,0,0,0,0,0,0,0,0,0,0,0,0,0,0,0,0,0,0,0,0,0,0,0,0,0,0,0,0,0,0,0,0,0,0,0,0,0,0,0,0,0,101,7,0,1,12,16,134,16,15,4,1,11,5,7,1,1,30,25,6,5,18,2,6,86,0,17,5,2,9,1,513,279,1390,0,1,41,55,51,2,5,1,2,0,0,1,10,26,131,2,14,1,11,4,4,3,21,26,0,0,3,0,0,0,0,0,43,212,493,14,9,0,0
0,0,0,0,0,0,0,0,0,0,0,0,0,0,0,0,0,0,0,0,0,0,0,0,0,0,0,0,0,0,0,0,0,0,0,0,0,0,0,0,0,0,0,0,0,0,0,0,0,0,0,0,0,0,0,0,0,0,0,0,0,0,0,0,0,0,0,0,0,0,0,0,0,0,0,0,0,0,0,0,0,0,0,0,0,0,0,0,0,0,0,0,0,0,3540,840,291,24,6,2,293,10,94,0,32,103,0,0,0,31,1,0,130,114,1,2,1,0,1649,0,42,22,1,1,32,2,9,99,15,4,8,5,1027,6269,3869,3068,660,168,0,1,2,286,110,52,62,16,0,0,173,2815,0,2,0,0,1,2,0,0,69,5,37,21,14,0,0
0,0,0,0,0,0,0,0,0,0,0,0,0,0,0,0,0,0,0,0,0,0,0,0,0,0,0,0,0,0,0,0,0,0,0,0,0,0,0,0,0,0,0,0,0,0,0,0,0,0,0,0,0,0,0,0,0,0,0,0,0,0,0,0,0,0,0,0,0,0,0,0,0,0,0,0,0,0,0,0,0,0,0,0,0,0,0,0,0,0,0,0,0,0,0,3785,41,52,3,1,23,4,834,0,5,506,0,0,2,39,1,2,61,65,0,0,6,0,2761,1,954,1,0,3,41,7,3,33,5,2,2,2,418,853,5763,112,31,78,0,0,0,2654,51,6,7,4,0,0,83,216,0,0,0,0,0,5,0,0,164,5,50,10,31,0,0
0,0,0,0,0,0,0,0,0,0,0,0,0,0,0,0,0,0,0,0,0,0,0,0,0,0,0,0,0,0,0,0,0,0,0,0,0,0,0,0,0,0,0,0,0,0,0,0,0,0,0,0,0,0,0,0,0,0,0,0,0,0,0,0,0,0,0,0,0,0,0,0,0,0,0,0,0,0,0,0,0,0,0,0,0,0,0,0,0,0,0,0,0,0,0,0,3331,215,20,0,0,1,5,0,2,14,0,1,0,2,0,0,84,3,0,0,0,0,145,0,107,1,0,1,0,0,302,792,2,0,0,0,4,467,178,46,1988,4491,0,1,0,153,37,0,1,0,0,0,4,8,0,1,0,0,0,1,0,0,3,2,10,0,46,0,0
0,0,0,0,0,0,0,0,0,0,0,0,0,0,0,0,0,0,0,0,0,0,0,0,0,0,0,0,0,0,0,0,0,0,0,0,0,0,0,0,0,0,0,0,0,0,0,0,0,0,0,0,0,0,0,0,0,0,0,0,0,0,0,0,0,0,0,0,0,0,0,0,0,0,0,0,0,0,0,0,0,0,0,0,0,0,0,0,0,0,0,0,0,0,0,0,0,11225,34,6,0,0,0,0,1,1,1,1,0,6,7,0,22,39,0,0,0,0,3436,1,8497,0,0,10,20,0,21,877,0,2,0,0,0,40,128,0,26,6702,0,0,7,84,19,0,0,0,1,0,29,41,0,0,1,0,0,1,0,0,38,6,34,5,126,0,1
0,0,0,0,0,0,0,0,0,0,0,0,0,0,0,0,0,0,0,0,0,0,0,0,0,0,0,0,0,0,0,0,0,0,0,0,0,0,0,0,0,0,0,0,0,0,0,0,0,0,0,0,0,0,0,0,0,0,0,0,0,0,0,0,0,0,0,0,0,0,0,0,0,0,0,0,0,0,0,0,0,0,0,0,0,0,0,0,0,0,0,0,0,0,0,0,0,0,740,34,4,2,14,1,16,14,12,53,1,38,304,0,11,52,0,0,23,0,14,34,272,24,1,91,77,29,12,6,1,1,4,3,14,4,6,3,8,785,1,110,29,26,77,2,2,1,1,6,30,39,0,1,3,1,0,1,0,3,25,76,397,65,2504,65,99
0,0,0,0,0,0,0,0,0,0,0,0,0,0,0,0,0,0,0,0,0,0,0,0,0,0,0,0,0,0,0,0,0,0,0,0,0,0,0,0,0,0,0,0,0,0,0,0,0,0,0,0,0,0,0,0,0,0,0,0,0,0,0,0,0,0,0,0,0,0,0,0,0,0,0,0,0,0,0,0,0,0,0,0,0,0,0,0,0,0,0,0,0,0,0,0,0,0,0,4202,45,10,4,0,7,5,911,91,6,7,12,9,5,13,531,48,58,0,5,4,3,6,15,1605,12,313,0,0,678,474,47,13,10,1,2,1,1,7,2166,3323,11021,1,94,5,40,4,340,0,22,41,2,0,31,2,0,0,0,3,83,2334,537,31,11,2,327
0,0,0,0,0,0,0,0,0,0,0,0,0,0,0,0,0,0,0,0,0,0,0,0,0,0,0,0,0,0,0,0,0,0,0,0,0,0,0,0,0,0,0,0,0,0,0,0,0,0,0,0,0,0,0,0,0,0,0,0,0,0,0,0,0,0,0,0,0,0,0,0,0,0,0,0,0,0,0,0,0,0,0,0,0,0,0,0,0,0,0,0,0,0,0,0,0,0,0,0,5149,563,125,7,131,168,0,0,50,798,1,415,44,162,8,18,449,0,0,0,3,88,7,39,53,116,3,0,123,11,9,1512,5521,41,66,30,2,2,41,0,2,38,91,412,371,13,0,32,86,4589,63,2,0,2,1,2,0,0,39,20,52,22,8,0,0
0,0,0,0,0,0,0,0,0,0,0,0,0,0,0,0,0,0,0,0,0,0,0,0,0,0,0,0,0,0,0,0,0,0,0,0,0,0,0,0,0,0,0,0,0,0,0,0,0,0,0,0,0,0,0,0,0,0,0,0,0,0,0,0,0,0,0,0,0,0,0,0,0,0,0,0,0,0,0,0,0,0,0,0,0,0,0,0,0,0,0,0,0,0,0,0,0,0,0,0,0,6792,407,538,178,122,0,0,35,284,1,1367,3,30,4,8,2593,0,1,0,1,602,112,17,96,194,0,0,28,5,6,2109,1144,17,24,4,0,0,8,0,0,7,199,7413,24,4,0,100,5,252,34,7,0,2,1,0,0,0,52,8,45,16,1,0,0
0,0,0,0,0,0,0,0,0,0,0,0,0,0,0,0,0,0,0,0,0,0,0,0,0,0,0,0,0,0,0,0,0,0,0,0,0,0,0,0,0,0,0,0,0,0,0,0,0,0,0,0,0,0,0,0,0,0,0,0,0,0,0,0,0,0,0,0,0,0,0,0,0,0,0,0,0,0,0,0,0,0,0,0,0,0,0,0,0,0,0,0,0,0,0,0,0,0,0,0,0,0,6354,105,316,2431,0,0,6,11,2,12,16,24,0,2,84,0,0,0,18,426,626,4,83,15,0,1,12,17,91,54,10073,59,311,24,5,3,4,0,0,107,75,3551,34,67,0,43,20,97,1,13,1,7,7,4,0,1,131,41,138,27,16,1,1
0,0,0,0,0,0,0,0,0,0,0,0,0,0,0,0,0,0,0,0,0,0,0,0,0,0,0,0,0,0,0,0,0,0,0,0,0,0,0,0,0,0,0,0,0,0,0,0,0,0,0,0,0,0,0,0,0,0,0,0,0,0,0,0,0,0,0,0,0,0,0,0,0,0,0,0,0,0,0,0,0,0,0,0,0,0,0,0,0,0,0,0,0,0,0,0,0,0,0,0,0,0,0,7511,380,21,0,1,2,1,0,1,0,0,0,0,89,0,0,0,0,9356,4,2,56,11,0,0,2,0,3,0,27,0,0,2,0,0,1,0,0,0,109,6377,31,23,0,0,1,3,0,9,1,1,0,0,0,0,96,67,96,15,3,0,0
0,0,0,0,0,0,0,0,0,0,0,0,0,0,0,0,0,0,0,0,0,0,0,0,0,0,0,0,0,0,0,0,0,0,0,0,0,0,0,0,0,0,0,0,0,0,0,0,0,0,0,0,0,0,0,0,0,0,0,0,0,0,0,0,0,0,0,0,0,0,0,0,0,0,0,0,0,0,0,0,0,0,0,0,0,0,0,0,0,0,0,0,0,0,0,0,0,0,0,0,0,0,0,0,10087,58,0,0,0,0,6,2,24,30,0,1,31,0,1,1,1,11198,73,13,46,100,2,0,328,9,594,28,374,20,17,25,1,1,11,0,1,1,108,596,4723,5660,0,2,56,155,0,17,17,47,12,0,0,0,704,1921,611,200,19,6,6
0,0,0,0,0,0,0,0,0,0,0,0,0,0,0,0,0,0,0,0,0,0,0,0,0,0,0,0,0,0,0,0,0,0,0,0,0,0,0,0,0,0,0,0,0,0,0,0,0,0,0,0,0,0,0,0,0,0,0,0,0,0,0,0,0,0,0,0,0,0,0,0,0,0,0,0,0,0,0,0,0,0,0,0,0,0,0,0,0,0,0,0,0,0,0,0,0,0,0,0,0,0,0,0,0,6160,0,1,13,37,3,28,35,67,0,2,100,0,3,0,598,36,3525,2,58,18,5,0,15,45,102,160,1409,57,184,58,9,7,4,0,0,1703,345,149,5,37,1,7103,45,270,1,20,4,7,6,10,1,0,242,45,111,25,34,2,4
0,0,0,0,0,0,0,0,0,0,0,0,0,0,0,0,0,0,0,0,0,0,0,0,0,0,0,0,0,0,0,0,0,0,0,0,0,0,0,0,0,0,0,0,0,0,0,0,0,0,0,0,0,0,0,0,0,0,0,0,0,0,0,0,0,0,0,0,0,0,0,0,0,0,0,0,0,0,0,0,0,0,0,0,0,0,0,0,0,0,0,0,0,0,0,0,0,0,0,0,0,0,0,0,0,0,1417,275,0,1,0,0,1,1,0,0,0,0,0,0,1,0,1,24,5,0,1,0,0,23,8,0,0,0,0,0,0,1,0,4529,220,0,176,0,0,0,1216,0,1,1,0,0,32,1,0,0,0,9,1,533,71,1,1,0,401
0,0,0,0,0,0,0,0,0,0,0,0,0,0,0,0,0,0,0,0,0,0,0,0,0,0,0,0,0,0,0,0,0,0,0,0,0,0,0,0,0,0,0,0,0,0,0,0,0,0,0,0,0,0,0,0,0,0,0,0,0,0,0,0,0,0,0,0,0,0,0,0,0,0,0,0,0,0,0,0,0,0,0,0,0,0,0,0,0,0,0,0,0,0,0,0,0,0,0,0,0,0,0,0,0,0,0,129,0,0,0,0,0,0,1,0,0,0,0,0,0,0,0,11,1,1,0,0,1,0,1,0,1,0,1,0,0,0,1,592,7,0,460,0,1,0,270,0,0,0,0,0,19,9,1,0,0,6,108,340,331,2,7,6,965
0,0,0,0,0,0,0,0,0,0,0,0,0,0,0,0,0,0,0,0,0,0,0,0,0,0,0,0,0,0,0,0,0,0,0,0,0,0,0,0,0,0,0,0,0,0,0,0,0,0,0,0,0,0,0,0,0,0,0,0,0,0,0,0,0,0,0,0,0,0,0,0,0,0,0,0,0,0,0,0,0,0,0,0,0,0,0,0,0,0,0,0,0,0,0,0,0,0,0,0,0,0,0,0,0,0,0,0,230,1747,293,900,0,6,1,0,642,0,1,0,1,0,4,1,359,15,0,0,1,0,0,3,12,1,3,0,0,0,2,0,1,1,7,4,7,0,0,8,1,174,377,0,0,0,0,0,0,0,3,11,19,3,2,0,0
0,0,0,0,0,0,0,0,0,0,0,0,0,0,0,0,0,0,0,0,0,0,0,0,0,0,0,0,0,0,0,0,0,0,0,0,0,0,0,0,0,0,0,0,0,0,0,0,0,0,0,0,0,0,0,0,0,0,0,0,0,0,0,0,0,0,0,0,0,0,0,0,0,0,0,0,0,0,0,0,0,0,0,0,0,0,0,0,0,0,0,0,0,0,0,0,0,0,0,0,0,0,0,0,0,0,0,0,0,2729,2040,2502,4,66,0,0,1032,0,20,125,7,3,2,16,2362,35,1,0,17,2,3,165,55,7,46,10,0,21,4,1,6,6,33,3,9,0,1,17,29,4027,666,0,0,1,1,0,0,0,38,10,48,10,36,153,1
0,0,0,0,0,0,0,0,0,0,0,0,0,0,0,0,0,0,0,0,0,0,0,0,0,0,0,0,0,0,0,0,0,0,0,0,0,0,0,0,0,0,0,0,0,0,0,0,0,0,0,0,0,0,0,0,0,0,0,0,0,0,0,0,0,0,0,0,0,0,0,0,0,0,0,0,0,0,0,0,0,0,0,0,0,0,0,0,0,0,0,0,0,0,0,0,0,0,0,0,0,0,0,0,0,0,0,0,0,0,625,26,2,16,0,0,25,0,2,366,2,3,0,1,1563,5,0,1,1,1,1,0,5,1,0,1,1,4,1,0,2,4,1,0,0,0,0,2,7,571,49,0,0,0,0,0,0,0,10,9,28,5,28,634,3
0,0,0,0,0,0,0,0,0,0,0,0,0,0,0,0,0,0,0,0,0,0,0,0,0,0,0,0,0,0,0,0,0,0,0,0,0,0,0,0,0,0,0,0,0,0,0,0,0,0,0,0,0,0,0,0,0,0,0,0,0,0,0,0,0,0,0,0,0,0,0,0,0,0,0,0,0,0,0,0,0,0,0,0,0,0,0,0,0,0,0,0,0,0,0,0,0,0,0,0,0,0,0,0,0,0,0,0,0,0,0,716,0,4,2,0,2060,0,0,0,0,0,7,7,146,37,0,0,14,11,0,236,22,0,3,0,0,0,10,0,3,3,32,2,9,0,0,24,2,311,325,1,1,1,0,0,0,0,4,9,6,1,0,0,1
0,0,0,0,0,0,0,0,0,0,0,0,0,0,0,0,0,0,0,0,0,0,0,0,0,0,0,0,0,0,0,0,0,0,0,0,0,0,0,0,0,0,0,0,0,0,0,0,0,0,0,0,0,0,0,0,0,0,0,0,0,0,0,0,0,0,0,0,0,0,0,0,0,0,0,0,0,0,0,0,0,0,0,0,0,0,0,0,0,0,0,0,0,0,0,0,0,0,0,0,0,0,0,0,0,0,0,0,0,0,0,0,1810,174,0,1,1,0,45,0,72,14,0,0,8,4,375,1,46,4,1,12,28,60,60,326,1062,45,5,0,1,96,26,8,45,3,0,17,1579,155,0,0,0,0,0,1,0,0,9,6,22,2,16,0,0
0,0,0,0,0,0,0,0,0,0,0,0,0,0,0,0,0,0,0,0,0,0,0,0,0,0,0,0,0,0,0,0,0,0,0,0,0,0,0,0,0,0,0,0,0,0,0,0,0,0,0,0,0,0,0,0,0,0,0,0,0,0,0,0,0,0,0,0,0,0,0,0,0,0,0,0,0,0,0,0,0,0,0,0,0,0,0,0,0,0,0,0,0,0,0,0,0,0,0,0,0,0,0,0,0,0,0,0,0,0,0,0,0,3687,1,2,22,0,103,40,29,17,1,25,86,10,16,7,71,4,4,200,70,61,105,434,9,56,11,9,18,55,62,8,78,3,1,54,3464,11819,0,2,0,1,1,0,0,0,106,19,43,15,149,0,3
0,0,0,0,0,0,0,0,0,0,0,0,0,0,0,0,0,0,0,0,0,0,0,0,0,0,0,0,0,0,0,0,0,0,0,0,0,0,0,0,0,0,0,0,0,0,0,0,0,0,0,0,0,0,0,0,0,0,0,0,0,0,0,0,0,0,0,0,0,0,0,0,0,0,0,0,0,0,0,0,0,0,0,0,0,0,0,0,0,0,0,0,0,0,0,0,0,0,0,0,0,0,0,0,0,0,0,0,0,0,0,0,0,0,81,206,3,0,0,0,0,0,1,47,0,211,0,0,65,20,3,0,3,0,0,1,0,0,307,0,36,0,4,3,43,0,0,0,2,12,0,0,0,0,0,0,0,0,12,187,24,1,0,0,0
0,0,0,0,0,0,0,0,0,0,0,0,0,0,0,0,0,0,0,0,0,0,0,0,0,0,0,0,0,0,0,0,0,0,0,0,0,0,0,0,0,0,0,0,0,0,0,0,0,0,0,0,0,0,0,0,0,0,0,0,0,0,0,0,0,0,0,0,0,0,0,0,0,0,0,0,0,0,0,0,0,0,0,0,0,0,0,0,0,0,0,0,0,0,0,0,0,0,0,0,0,0,0,0,0,0,0,0,0,0,0,0,0,0,0,85,5,0,1,0,0,3,0,18,0,469,0,0,20,11,14,2,6,1,0,1,0,0,93,0,1,0,0,14,200,0,0,1,0,3,0,0,4,1,0,0,0,0,3,212,2,0,1,0,0
0,0,0,0,0,0,0,0,0,0,0,0,0,0,0,0,0,0,0,0,0,0,0,0,0,0,0,0,0,0,0,0,0,0,0,0,0,0,0,0,0,0,0,0,0,0,0,0,0,0,0,0,0,0,0,0,0,0,0,0,0,0,0,0,0,0,0,0,0,0,0,0,0,0,0,0,0,0,0,0,0,0,0,0,0,0,0,0,0,0,0,0,0,0,0,0,0,0,0,0,0,0,0,0,0,0,0,0,0,0,0,0,0,0,0,0,3082,0,4,1,7,49,66,135,2066,742,0,0,37,51,9,107,132,6,7,0,0,0,31,3,9,5,144,133,30,1,1,54,11,245,433,6,2,0,1,0,0,0,15,88,440,30,3,0,1
0,0,0,0,0,0,0,0,0,0,0,0,0,0,0,0,0,0,0,0,0,0,0,0,0,0,0,0,0,0,0,0,0,0,0,0,0,0,0,0,0,0,0,0,0,0,0,0,0,0,0,0,0,0,0,0,0,0,0,0,0,0,0,0,0,0,0,0,0,0,0,0,0,0,0,0,0,0,0,0,0,0,0,0,0,0,0,0,0,0,0,0,0,0,0,0,0,0,0,0,0,0,0,0,0,0,0,0,0,0,0,0,0,0,0,0,0,0,0,0,0,0,0,0,0,0,0,0,0,0,0,0,0,0,0,0,0,0,0,0,0,0,0,0,0,0,0,0,0,0,0,0,0,0,0,0,0,0,0,0,0,0,0,0,0
0,0,0,0,0,0,0,0,0,0,0,0,0,0,0,0,0,0,0,0,0,0,0,0,0,0,0,0,0,0,0,0,0,0,0,0,0,0,0,0,0,0,0,0,0,0,0,0,0,0,0,0,0,0,0,0,0,0,0,0,0,0,0,0,0,0,0,0,0,0,0,0,0,0,0,0,0,0,0,0,0,0,0,0,0,0,0,0,0,0,0,0,0,0,0,0,0,0,0,0,0,0,0,0,0,0,0,0,0,0,0,0,0,0,0,0,0,0,15296,1,2345,1,0,13,114,7,17,3765,1,0,0,1,0,4203,913,83,89,211,0,1,5,164,18,0,0,0,0,0,115,268,0,1,1,0,0,6,0,0,242,12,57,19,154,0,3
0,0,0,0,0,0,0,0,0,0,0,0,0,0,0,0,0,0,0,0,0,0,0,0,0,0,0,0,0,0,0,0,0,0,0,0,0,0,0,0,0,0,0,0,0,0,0,0,0,0,0,0,0,0,0,0,0,0,0,0,0,0,0,0,0,0,0,0,0,0,0,0,0,0,0,0,0,0,0,0,0,0,0,0,0,0,0,0,0,0,0,0,0,0,0,0,0,0,0,0,0,0,0,0,0,0,0,0,0,0,0,0,0,0,0,0,0,0,0,2,1,0,0,1,222,1,0,1,0,0,2,0,0,0,0,0,0,9,0,0,0,0,0,0,0,0,0,0,29,227,0,0,0,0,0,0,0,0,5,0,5,1,9,73,0
0,0,0,0,0,0,0,0,0,0,0,0,0,0,0,0,0,0,0,0,0,0,0,0,0,0,0,0,0,0,0,0,0,0,0,0,0,0,0,0,0,0,0,0,0,0,0,0,0,0,0,0,0,0,0,0,0,0,0,0,0,0,0,0,0,0,0,0,0,0,0,0,0,0,0,0,0,0,0,0,0,0,0,0,0,0,0,0,0,0,0,0,0,0,0,0,0,0,0,0,0,0,0,0,0,0,0,0,0,0,0,0,0,0,0,0,0,0,0,0,5019,0,1,4,14,1,14,287,0,2,2,7,19,37,314,58,83,1532,1,0,2,3792,970,0,0,0,0,53,72,61,0,5,0,0,1,44,0,0,80,7,31,16,504,0,2
0,0,0,0,0,0,0,0,0,0,0,0,0,0,0,0,0,0,0,0,0,0,0,0,0,0,0,0,0,0,0,0,0,0,0,0,0,0,0,0,0,0,0,0,0,0,0,0,0,0,0,0,0,0,0,0,0,0,0,0,0,0,0,0,0,0,0,0,0,0,0,0,0,0,0,0,0,0,0,0,0,0,0,0,0,0,0,0,0,0,0,0,0,0,0,0,0,0,0,0,0,0,0,0,0,0,0,0,0,0,0,0,0,0,0,0,0,0,0,0,0,7251,22,17,86,38,3,0,15,3,1,10,360,4,8,6,4,0,0,0,1,1,129,1562,168,60,0,0,14,44,0,8,2,3,2,0,0,0,383,619,433,161,21,4,2
0,0,0,0,0,0,0,0,0,0,0,0,0,0,0,0,0,0,0,0,0,0,0,0,0,0,0,0,0,0,0,0,0,0,0,0,0,0,0,0,0,0,0,0,0,0,0,0,0,0,0,0,0,0,0,0,0,0,0,0,0,0,0,0,0,0,0,0,0,0,0,0,0,0,0,0,0,0,0,0,0,0,0,0,0,0,0,0,0,0,0,0,0,0,0,0,0,0,0,0,0,0,0,0,0,0,0,0,0,0,0,0,0,0,0,0,0,0,0,0,0,0,2054,0,18,6,0,0,2,85,50,3,146,0,0,0,0,0,3,0,0,10,315,10,1,8,2,425,1,5,1,10,1,2,4,0,0,0,175,60,59,34,0,0,0
0,0,0,0,0,0,0,0,0,0,0,0,0,0,0,0,0,0,0,0,0,0,0,0,0,0,0,0,0,0,0,0,0,0,0,0,0,0,0,0,0,0,0,0,0,0,0,0,0,0,0,0,0,0,0,0,0,0,0,0,0,0,0,0,0,0,0,0,0,0,0,0,0,0,0,0,0,0,0,0,0,0,0,0,0,0,0,0,0,0,0,0,0,0,0,0,0,0,0,0,0,0,0,0,0,0,0,0,0,0,0,0,0,0,0,0,0,0,0,0,0,0,0,719,58,1524,0,0,15,97,6,4,8,0,0,0,0,4,41,130,843,1,23,8,2,2,12,0,26,41,1,0,9,0,0,1,0,0,98,465,1047,45,17,0,47
0,0,0,0,0,0,0,0,0,0,0,0,0,0,0,0,0,0,0,0,0,0,0,0,0,0,0,0,0,0,0,0,0,0,0,0,0,0,0,0,0,0,0,0,0,0,0,0,0,0,0,0,0,0,0,0,0,0,0,0,0,0,0,0,0,0,0,0,0,0,0,0,0,0,0,0,0,0,0,0,0,0,0,0,0,0,0,0,0,0,0,0,0,0,0,0,0,0,0,0,0,0,0,0,0,0,0,0,0,0,0,0,0,0,0,0,0,0,0,0,0,0,0,0,1591,350,0,4,2,8,7,4,121,18,59,14,0,8,0,3,8,36,62,95,5,4,0,46,60,1616,20,0,0,1,1,0,0,0,238,134,855,65,86,33,0
0,0,0,0,0,0,0,0,0,0,0,0,0,0,0,0,0,0,0,0,0,0,0,0,0,0,0,0,0,0,0,0,0,0,0,0,0,0,0,0,0,0,0,0,0,0,0,0,0,0,0,0,0,0,0,0,0,0,0,0,0,0,0,0,0,0,0,0,0,0,0,0,0,0,0,0,0,0,0,0,0,0,0,0,0,0,0,0,0,0,0,0,0,0,0,0,0,0,0,0,0,0,0,0,0,0,0,0,0,0,0,0,0,0,0,0,0,0,0,0,0,0,0,0,0,2105,0,0,102,149,146,33,45,1,3,1,0,3,186,3,7,2,52,69,231,16,0,6,8,82,2,5,14,5,2,0,0,0,160,1472,1480,55,4,0,0
0,0,0,0,0,0,0,0,0,0,0,0,0,0,0,0,0,0,0,0,0,0,0,0,0,0,0,0,0,0,0,0,0,0,0,0,0,0,0,0,0,0,0,0,0,0,0,0,0,0,0,0,0,0,0,0,0,0,0,0,0,0,0,0,0,0,0,0,0,0,0,0,0,0,0,0,0,0,0,0,0,0,0,0,0,0,0,0,0,0,0,0,0,0,0,0,0,0,0,0,0,0,0,0,0,0,0,0,0,0,0,0,0,0,0,0,0,0,0,0,0,0,0,0,0,0,218,9,0,0,1,1,1,7,5,29,200,179,0,1,0,13,3,1,2,0,0,0,169,11,0,1,0,0,0,0,0,0,5,0,3,2,65,1,1
0,0,0,0,0,0,0,0,0,0,0,0,0,0,0,0,0,0,0,0,0,0,0,0,0,0,0,0,0,0,0,0,0,0,0,0,0,0,0,0,0,0,0,0,0,0,0,0,0,0,0,0,0,0,0,0,0,0,0,0,0,0,0,0,0,0,0,0,0,0,0,0,0,0,0,0,0,0,0,0,0,0,0,0,0,0,0,0,0,0,0,0,0,0,0,0,0,0,0,0,0,0,0,0,0,0,0,0,0,0,0,0,0,0,0,0,0,0,0,0,0,0,0,0,0,0,0,426,0,0,0,0,0,276,107,1,183,862,0,0,0,3,5,0,0,0,0,0,5,5,0,0,0,0,0,0,0,0,8,0,6,1,5,0,1
0,0,0,0,0,0,0,0,0,0,0,0,0,0,0,0,0,0,0,0,0,0,0,0,0,0,0,0,0,0,0,0,0,0,0,0,0,0,0,0,0,0,0,0,0,0,0,0,0,0,0,0,0,0,0,0,0,0,0,0,0,0,0,0,0,0,0,0,0,0,0,0,0,0,0,0,0,0,0,0,0,0,0,0,0,0,0,0,0,0,0,0,0,0,0,0,0,0,0,0,0,0,0,0,0,0,0,0,0,0,0,0,0,0,0,0,0,0,0,0,0,0,0,0,0,0,0,0,4796,70,71,38,42,2,7,7,0,0,1608,3,2,2,3,12,3697,4,1,3,46,174,1,0,11,4,0,0,0,0,103,910,265,56,1,0,1
0,0,0,0,0,0,0,0,0,0,0,0,0,0,0,0,0,0,0,0,0,0,0,0,0,0,0,0,0,0,0,0,0,0,0,0,0,0,0,0,0,0,0,0,0,0,0,0,0,0,0,0,0,0,0,0,0,0,0,0,0,0,0,0,0,0,0,0,0,0,0,0,0,0,0,0,0,0,0,0,0,0,0,0,0,0,0,0,0,0,0,0,0,0,0,0,0,0,0,0,0,0,0,0,0,0,0,0,0,0,0,0,0,0,0,0,0,0,0,0,0,0,0,0,0,0,0,0,0,1824,2381,6,9,0,3,2,1,0,124,6,39,7,88,2,8,15,23,28,6,27,0,2,16,11,1,0,0,0,172,378,481,62,4,0,0
0,0,0,0,0,0,0,0,0,0,0,0,0,0,0,0,0,0,0,0,0,0,0,0,0,0,0,0,0,0,0,0,0,0,0,0,0,0,0,0,0,0,0,0,0,0,0,0,0,0,0,0,0,0,0,0,0,0,0,0,0,0,0,0,0,0,0,0,0,0,0,0,0,0,0,0,0,0,0,0,0,0,0,0,0,0,0,0,0,0,0,0,0,0,0,0,0,0,0,0,0,0,0,0,0,0,0,0,0,0,0,0,0,0,0,0,0,0,0,0,0,0,0,0,0,0,0,0,0,0,3388,2,41,6,6,5,2,0,9,9,1,20,59,4,243,1083,1,19,3,10,1,3,11,18,2,0,0,1,522,828,478,263,8,2,0
0,0,0,0,0,0,0,0,0,0,0,0,0,0,0,0,0,0,0,0,0,0,0,0,0,0,0,0,0,0,0,0,0,0,0,0,0,0,0,0,0,0,0,0,0,0,0,0,0,0,0,0,0,0,0,0,0,0,0,0,0,0,0,0,0,0,0,0,0,0,0,0,0,0,0,0,0,0,0,0,0,0,0,0,0,0,0,0,0,0,0,0,0,0,0,0,0,0,0,0,0,0,0,0,0,0,0,0,0,0,0,0,0,0,0,0,0,0,0,0,0,0,0,0,0,0,0,0,0,0,0,346,852,2,0,1,0,2,4,0,3,18,130,186,31,0,0,140,76,1605,8,4,0,3,0,0,0,0,1,4,2,1,2,0,0
0,0,0,0,0,0,0,0,0,0,0,0,0,0,0,0,0,0,0,0,0,0,0,0,0,0,0,0,0,0,0,0,0,0,0,0,0,0,0,0,0,0,0,0,0,0,0,0,0,0,0,0,0,0,0,0,0,0,0,0,0,0,0,0,0,0,0,0,0,0,0,0,0,0,0,0,0,0,0,0,0,0,0,0,0,0,0,0,0,0,0,0,0,0,0,0,0,0,0,0,0,0,0,0,0,0,0,0,0,0,0,0,0,0,0,0,0,0,0,0,0,0,0,0,0,0,0,0,0,0,0,0,6772,179,975,36,7,0,6,1,3,45,155,2072,232,88,0,27,77,775,0,13,1,8,6,4,0,1,286,48,140,45,20,5,4
0,0,0,0,0,0,0,0,0,0,0,0,0,0,0,0,0,0,0,0,0,0,0,0,0,0,0,0,0,0,0,0,0,0,0,0,0,0,0,0,0,0,0,0,0,0,0,0,0,0,0,0,0,0,0,0,0,0,0,0,0,0,0,0,0,0,0,0,0,0,0,0,0,0,0,0,0,0,0,0,0,0,0,0,0,0,0,0,0,0,0,0,0,0,0,0,0,0,0,0,0,0,0,0,0,0,0,0,0,0,0,0,0,0,0,0,0,0,0,0,0,0,0,0,0,0,0,0,0,0,0,0,0,1131,1618,656,580,335,0,0,0,134,54,16,19,13,0,0,127,953,0,1,1,0,0,3,0,0,23,10,15,11,6,1,0
0,0,0,0,0,0,0,0,0,0,0,0,0,0,0,0,0,0,0,0,0,0,0,0,0,0,0,0,0,0,0,0,0,0,0,0,0,0,0,0,0,0,0,0,0,0,0,0,0,0,0,0,0,0,0,0,0,0,0,0,0,0,0,0,0,0,0,0,0,0,0,0,0,0,0,0,0,0,0,0,0,0,0,0,0,0,0,0,0,0,0,0,0,0,0,0,0,0,0,0,0,0,0,0,0,0,0,0,0,0,0,0,0,0,0,0,0,0,0,0,0,0,0,0,0,0,0,0,0,0,0,0,0,0,2356,622,269,328,1,0,0,525,79,24,25,18,0,0,120,464,1,0,0,1,0,2,1,0,169,8,50,28,23,0,0
0,0,0,0,0,0,0,0,0,0,0,0,0,0,0,0,0,0,0,0,0,0,0,0,0,0,0,0,0,0,0,0,0,0,0,0,0,0,0,0,0,0,0,0,0,0,0,0,0,0,0,0,0,0,0,0,0,0,0,0,0,0,0,0,0,0,0,0,0,0,0,0,0,0,0,0,0,0,0,0,0,0,0,0,0,0,0,0,0,0,0,0,0,0,0,0,0,0,0,0,0,0,0,0,0,0,0,0,0,0,0,0,0,0,0,0,0,0,0,0,0,0,0,0,0,0,0,0,0,0,0,0,0,0,0,273,397,10,0,0,0,140,37,20,22,2,0,2,484,919,0,0,0,0,0,1,0,0,7,2,19,9,3,0,0
0,0,0,0,0,0,0,0,0,0,0,0,0,0,0,0,0,0,0,0,0,0,0,0,0,0,0,0,0,0,0,0,0,0,0,0,0,0,0,0,0,0,0,0,0,0,0,0,0,0,0,0,0,0,0,0,0,0,0,0,0,0,0,0,0,0,0,0,0,0,0,0,0,0,0,0,0,0,0,0,0,0,0,0,0,0,0,0,0,0,0,0,0,0,0,0,0,0,0,0,0,0,0,0,0,0,0,0,0,0,0,0,0,0,0,0,0,0,0,0,0,0,0,0,0,0,0,0,0,0,0,0,0,0,0,0,1719,348,0,0,0,90,23,5,5,0,0,1,199,20,0,0,0,0,0,1,0,0,3,2,3,1,21,0,0
0,0,0,0,0,0,0,0,0,0,0,0,0,0,0,0,0,0,0,0,0,0,0,0,0,0,0,0,0,0,0,0,0,0,0,0,0,0,0,0,0,0,0,0,0,0,0,0,0,0,0,0,0,0,0,0,0,0,0,0,0,0,0,0,0,0,0,0,0,0,0,0,0,0,0,0,0,0,0,0,0,0,0,0,0,0,0,0,0,0,0,0,0,0,0,0,0,0,0,0,0,0,0,0,0,0,0,0,0,0,0,0,0,0,0,0,0,0,0,0,0,0,0,0,0,0,0,0,0,0,0,0,0,0,0,0,0,4070,0,1,3,222,133,1,0,0,0,2,9,54,0,0,0,0,1,12,0,0,8,5,29,7,2002,70,1
0,0,0,0,0,0,0,0,0,0,0,0,0,0,0,0,0,0,0,0,0,0,0,0,0,0,0,0,0,0,0,0,0,0,0,0,0,0,0,0,0,0,0,0,0,0,0,0,0,0,0,0,0,0,0,0,0,0,0,0,0,0,0,0,0,0,0,0,0,0,0,0,0,0,0,0,0,0,0,0,0,0,0,0,0,0,0,0,0,0,0,0,0,0,0,0,0,0,0,0,0,0,0,0,0,0,0,0,0,0,0,0,0,0,0,0,0,0,0,0,0,0,0,0,0,0,0,0,0,0,0,0,0,0,0,0,0,0,1264,1,34,1,7,11,85,2,0,1,4,31,1,0,1,0,0,0,0,0,21,333,73,17,0,1,0
0,0,0,0,0,0,0,0,0,0,0,0,0,0,0,0,0,0,0,0,0,0,0,0,0,0,0,0,0,0,0,0,0,0,0,0,0,0,0,0,0,0,0,0,0,0,0,0,0,0,0,0,0,0,0,0,0,0,0,0,0,0,0,0,0,0,0,0,0,0,0,0,0,0,0,0,0,0,0,0,0,0,0,0,0,0,0,0,0,0,0,0,0,0,0,0,0,0,0,0,0,0,0,0,0,0,0,0,0,0,0,0,0,0,0,0,0,0,0,0,0,0,0,0,0,0,0,0,0,0,0,0,0,0,0,0,0,0,0,834,799,1,175,0,1,0,304,1,8,6,0,0,14,0,0,0,0,5,13,705,343,49,2,9,505
0,0,0,0,0,0,0,0,0,0,0,0,0,0,0,0,0,0,0,0,0,0,0,0,0,0,0,0,0,0,0,0,0,0,0,0,0,0,0,0,0,0,0,0,0,0,0,0,0,0,0,0,0,0,0,0,0,0,0,0,0,0,0,0,0,0,0,0,0,0,0,0,0,0,0,0,0,0,0,0,0,0,0,0,0,0,0,0,0,0,0,0,0,0,0,0,0,0,0,0,0,0,0,0,0,0,0,0,0,0,0,0,0,0,0,0,0,0,0,0,0,0,0,0,0,0,0,0,0,0,0,0,0,0,0,0,0,0,0,0,3507,1,25,0,2,0,59,0,16,14,1,0,28,2,0,0,0,0,40,2163,511,19,8,0,83
0,0,0,0,0,0,0,0,0,0,0,0,0,0,0,0,0,0,0,0,0,0,0,0,0,0,0,0,0,0,0,0,0,0,0,0,0,0,0,0,0,0,0,0,0,0,0,0,0,0,0,0,0,0,0,0,0,0,0,0,0,0,0,0,0,0,0,0,0,0,0,0,0,0,0,0,0,0,0,0,0,0,0,0,0,0,0,0,0,0,0,0,0,0,0,0,0,0,0,0,0,0,0,0,0,0,0,0,0,0,0,0,0,0,0,0,0,0,0,0,0,0,0,0,0,0,0,0,0,0,0,0,0,0,0,0,0,0,0,0,0,4251,687,3,3,9,0,698,71,150,0,1,0,0,2,15,0,0,138,11,24,12,56,0,0
0,0,0,0,0,0,0,0,0,0,0,0,0,0,0,0,0,0,0,0,0,0,0,0,0,0,0,0,0,0,0,0,0,0,0,0,0,0,0,0,0,0,0,0,0,0,0,0,0,0,0,0,0,0,0,0,0,0,0,0,0,0,0,0,0,0,0,0,0,0,0,0,0,0,0,0,0,0,0,0,0,0,0,0,0,0,0,0,0,0,0,0,0,0,0,0,0,0,0,0,0,0,0,0,0,0,0,0,0,0,0,0,0,0,0,0,0,0,0,0,0,0,0,0,0,0,0,0,0,0,0,0,0,0,0,0,0,0,0,0,0,0,1898,142,56,20,184,220,71,153,3,44,80,83,16,52,0,0,433,252,191,49,411,1,324
0,0,0,0,0,0,0,0,0,0,0,0,0,0,0,0,0,0,0,0,0,0,0,0,0,0,0,0,0,0,0,0,0,0,0,0,0,0,0,0,0,0,0,0,0,0,0,0,0,0,0,0,0,0,0,0,0,0,0,0,0,0,0,0,0,0,0,0,0,0,0,0,0,0,0,0,0,0,0,0,0,0,0,0,0,0,0,0,0,0,0,0,0,0,0,0,0,0,0,0,0,0,0,0,0,0,0,0,0,0,0,0,0,0,0,0,0,0,0,0,0,0,0,0,0,0,0,0,0,0,0,0,0,0,0,0,0,0,0,0,0,0,0,7862,109,36,0,3,13,86,0,10,4,7,0,1,0,0,133,69,108,37,9,0,2
0,0,0,0,0,0,0,0,0,0,0,0,0,0,0,0,0,0,0,0,0,0,0,0,0,0,0,0,0,0,0,0,0,0,0,0,0,0,0,0,0,0,0,0,0,0,0,0,0,0,0,0,0,0,0,0,0,0,0,0,0,0,0,0,0,0,0,0,0,0,0,0,0,0,0,0,0,0,0,0,0,0,0,0,0,0,0,0,0,0,0,0,0,0,0,0,0,0,0,0,0,0,0,0,0,0,0,0,0,0,0,0,0,0,0,0,0,0,0,0,0,0,0,0,0,0,0,0,0,0,0,0,0,0,0,0,0,0,0,0,0,0,0,0,5149,47,0,3,44,378,0,13,19,7,3,0,0,0,37,834,128,58,0,0,0
0,0,0,0,0,0,0,0,0,0,0,0,0,0,0,0,0,0,0,0,0,0,0,0,0,0,0,0,0,0,0,0,0,0,0,0,0,0,0,0,0,0,0,0,0,0,0,0,0,0,0,0,0,0,0,0,0,0,0,0,0,0,0,0,0,0,0,0,0,0,0,0,0,0,0,0,0,0,0,0,0,0,0,0,0,0,0,0,0,0,0,0,0,0,0,0,0,0,0,0,0,0,0,0,0,0,0,0,0,0,0,0,0,0,0,0,0,0,0,0,0,0,0,0,0,0,0,0,0,0,0,0,0,0,0,0,0,0,0,0,0,0,0,0,0,3198,1,0,3,14,0,3,3,8,1,0,0,0,212,312,145,113,2,1,0
0,0,0,0,0,0,0,0,0,0,0,0,0,0,0,0,0,0,0,0,0,0,0,0,0,0,0,0,0,0,0,0,0,0,0,0,0,0,0,0,0,0,0,0,0,0,0,0,0,0,0,0,0,0,0,0,0,0,0,0,0,0,0,0,0,0,0,0,0,0,0,0,0,0,0,0,0,0,0,0,0,0,0,0,0,0,0,0,0,0,0,0,0,0,0,0,0,0,0,0,0,0,0,0,0,0,0,0,0,0,0,0,0,0,0,0,0,0,0,0,0,0,0,0,0,0,0,0,0,0,0,0,0,0,0,0,0,0,0,0,0,0,0,0,0,0,474,0,0,1,0,0,23,0,0,0,0,6,1,115,33,0,0,0,183
0,0,0,0,0,0,0,0,0,0,0,0,0,0,0,0,0,0,0,0,0,0,0,0,0,0,0,0,0,0,0,0,0,0,0,0,0,0,0,0,0,0,0,0,0,0,0,0,0,0,0,0,0,0,0,0,0,0,0,0,0,0,0,0,0,0,0,0,0,0,0,0,0,0,0,0,0,0,0,0,0,0,0,0,0,0,0,0,0,0,0,0,0,0,0,0,0,0,0,0,0,0,0,0,0,0,0,0,0,0,0,0,0,0,0,0,0,0,0,0,0,0,0,0,0,0,0,0,0,0,0,0,0,0,0,0,0,0,0,0,0,0,0,0,0,0,0,1114,24,80,0,14,0,8,5,4,0,0,147,12,43,16,9,2,0
0,0,0,0,0,0,0,0,0,0,0,0,0,0,0,0,0,0,0,0,0,0,0,0,0,0,0,0,0,0,0,0,0,0,0,0,0,0,0,0,0,0,0,0,0,0,0,0,0,0,0,0,0,0,0,0,0,0,0,0,0,0,0,0,0,0,0,0,0,0,0,0,0,0,0,0,0,0,0,0,0,0,0,0,0,0,0,0,0,0,0,0,0,0,0,0,0,0,0,0,0,0,0,0,0,0,0,0,0,0,0,0,0,0,0,0,0,0,0,0,0,0,0,0,0,0,0,0,0,0,0,0,0,0,0,0,0,0,0,0,0,0,0,0,0,0,0,0,1943,1282,0,1,0,2,1,0,0,0,117,14,39,16,314,1,2
0,0,0,0,0,0,0,0,0,0,0,0,0,0,0,0,0,0,0,0,0,0,0,0,0,0,0,0,0,0,0,0,0,0,0,0,0,0,0,0,0,0,0,0,0,0,0,0,0,0,0,0,0,0,0,0,0,0,0,0,0,0,0,0,0,0,0,0,0,0,0,0,0,0,0,0,0,0,0,0,0,0,0,0,0,0,0,0,0,0,0,0,0,0,0,0,0,0,0,0,0,0,0,0,0,0,0,0,0,0,0,0,0,0,0,0,0,0,0,0,0,0,0,0,0,0,0,0,0,0,0,0,0,0,0,0,0,0,0,0,0,0,0,0,0,0,0,0,0,16874,73,3,2,2,1,0,0,0,211,29,89,56,201,10,2
0,0,0,0,0,0,0,0,0,0,0,0,0,0,0,0,0,0,0,0,0,0,0,0,0,0,0,0,0,0,0,0,0,0,0,0,0,0,0,0,0,0,0,0,0,0,0,0,0,0,0,0,0,0,0,0,0,0,0,0,0,0,0,0,0,0,0,0,0,0,0,0,0,0,0,0,0,0,0,0,0,0,0,0,0,0,0,0,0,0,0,0,0,0,0,0,0,0,0,0,0,0,0,0,0,0,0,0,0,0,0,0,0,0,0,0,0,0,0,0,0,0,0,0,0,0,0,0,0,0,0,0,0,0,0,0,0,0,0,0,0,0,0,0,0,0,0,0,0,0,39,0,0,1,0,0,0,0,0,1,2,1,0,0,0
0,0,0,0,0,0,0,0,0,0,0,0,0,0,0,0,0,0,0,0,0,0,0,0,0,0,0,0,0,0,0,0,0,0,0,0,0,0,0,0,0,0,0,0,0,0,0,0,0,0,0,0,0,0,0,0,0,0,0,0,0,0,0,0,0,0,0,0,0,0,0,0,0,0,0,0,0,0,0,0,0,0,0,0,0,0,0,0,0,0,0,0,0,0,0,0,0,0,0,0,0,0,0,0,0,0,0,0,0,0,0,0,0,0,0,0,0,0,0,0,0,0,0,0,0,0,0,0,0,0,0,0,0,0,0,0,0,0,0,0,0,0,0,0,0,0,0,0,0,0,0,9014,7299,903,781,1197,5,343,24,9,4,12,0,0,2
0,0,0,0,0,0,0,0,0,0,0,0,0,0,0,0,0,0,0,0,0,0,0,0,0,0,0,0,0,0,0,0,0,0,0,0,0,0,0,0,0,0,0,0,0,0,0,0,0,0,0,0,0,0,0,0,0,0,0,0,0,0,0,0,0,0,0,0,0,0,0,0,0,0,0,0,0,0,0,0,0,0,0,0,0,0,0,0,0,0,0,0,0,0,0,0,0,0,0,0,0,0,0,0,0,0,0,0,0,0,0,0,0,0,0,0,0,0,0,0,0,0,0,0,0,0,0,0,0,0,0,0,0,0,0,0,0,0,0,0,0,0,0,0,0,0,0,0,0,0,0,0,3007,2872,2502,54,4,404,20,93,25,5,0,0,19
0,0,0,0,0,0,0,0,0,0,0,0,0,0,0,0,0,0,0,0,0,0,0,0,0,0,0,0,0,0,0,0,0,0,0,0,0,0,0,0,0,0,0,0,0,0,0,0,0,0,0,0,0,0,0,0,0,0,0,0,0,0,0,0,0,0,0,0,0,0,0,0,0,0,0,0,0,0,0,0,0,0,0,0,0,0,0,0,0,0,0,0,0,0,0,0,0,0,0,0,0,0,0,0,0,0,0,0,0,0,0,0,0,0,0,0,0,0,0,0,0,0,0,0,0,0,0,0,0,0,0,0,0,0,0,0,0,0,0,0,0,0,0,0,0,0,0,0,0,0,0,0,0,4257,1885,106,46,999,18,9,8,6,1,0,20
0,0,0,0,0,0,0,0,0,0,0,0,0,0,0,0,0,0,0,0,0,0,0,0,0,0,0,0,0,0,0,0,0,0,0,0,0,0,0,0,0,0,0,0,0,0,0,0,0,0,0,0,0,0,0,0,0,0,0,0,0,0,0,0,0,0,0,0,0,0,0,0,0,0,0,0,0,0,0,0,0,0,0,0,0,0,0,0,0,0,0,0,0,0,0,0,0,0,0,0,0,0,0,0,0,0,0,0,0,0,0,0,0,0,0,0,0,0,0,0,0,0,0,0,0,0,0,0,0,0,0,0,0,0,0,0,0,0,0,0,0,0,0,0,0,0,0,0,0,0,0,0,0,0,248,356,25,114,9,8,5,4,0,0,1
0,0,0,0,0,0,0,0,0,0,0,0,0,0,0,0,0,0,0,0,0,0,0,0,0,0,0,0,0,0,0,0,0,0,0,0,0,0,0,0,0,0,0,0,0,0,0,0,0,0,0,0,0,0,0,0,0,0,0,0,0,0,0,0,0,0,0,0,0,0,0,0,0,0,0,0,0,0,0,0,0,0,0,0,0,0,0,0,0,0,0,0,0,0,0,0,0,0,0,0,0,0,0,0,0,0,0,0,0,0,0,0,0,0,0,0,0,0,0,0,0,0,0,0,0,0,0,0,0,0,0,0,0,0,0,0,0,0,0,0,0,0,0,0,0,0,0,0,0,0,0,0,0,0,0,4647,270,6,1,0,0,0,44,0,0
0,0,0,0,0,0,0,0,0,0,0,0,0,0,0,0,0,0,0,0,0,0,0,0,0,0,0,0,0,0,0,0,0,0,0,0,0,0,0,0,0,0,0,0,0,0,0,0,0,0,0,0,0,0,0,0,0,0,0,0,0,0,0,0,0,0,0,0,0,0,0,0,0,0,0,0,0,0,0,0,0,0,0,0,0,0,0,0,0,0,0,0,0,0,0,0,0,0,0,0,0,0,0,0,0,0,0,0,0,0,0,0,0,0,0,0,0,0,0,0,0,0,0,0,0,0,0,0,0,0,0,0,0,0,0,0,0,0,0,0,0,0,0,0,0,0,0,0,0,0,0,0,0,0,0,0,21,8,0,0,0,0,0,0,0
0,0,0,0,0,0,0,0,0,0,0,0,0,0,0,0,0,0,0,0,0,0,0,0,0,0,0,0,0,0,0,0,0,0,0,0,0,0,0,0,0,0,0,0,0,0,0,0,0,0,0,0,0,0,0,0,0,0,0,0,0,0,0,0,0,0,0,0,0,0,0,0,0,0,0,0,0,0,0,0,0,0,0,0,0,0,0,0,0,0,0,0,0,0,0,0,0,0,0,0,0,0,0,0,0,0,0,0,0,0,0,0,0,0,0,0,0,0,0,0,0,0,0,0,0,0,0,0,0,0,0,0,0,0,0,0,0,0,0,0,0,0,0,0,0,0,0,0,0,0,0,0,0,0,0,0,0,96,1,24,11,24,0,1,31
0,0,0,0,0,0,0,0,0,0,0,0,0,0,0,0,0,0,0,0,0,0,0,0,0,0,0,0,0,0,0,0,0,0,0,0,0,0,0,0,0,0,0,0,0,0,0,0,0,0,0,0,0,0,0,0,0,0,0,0,0,0,0,0,0,0,0,0,0,0,0,0,0,0,0,0,0,0,0,0,0,0,0,0,0,0,0,0,0,0,0,0,0,0,0,0,0,0,0,0,0,0,0,0,0,0,0,0,0,0,0,0,0,0,0,0,0,0,0,0,0,0,0,0,0,0,0,0,0,0,0,0,0,0,0,0,0,0,0,0,0,0,0,0,0,0,0,0,0,0,0,0,0,0,0,0,0,0,9839,8059,873,599,2257,23,267
0,0,0,0,0,0,0,0,0,0,0,0,0,0,0,0,0,0,0,0,0,0,0,0,0,0,0,0,0,0,0,0,0,0,0,0,0,0,0,0,0,0,0,0,0,0,0,0,0,0,0,0,0,0,0,0,0,0,0,0,0,0,0,0,0,0,0,0,0,0,0,0,0,0,0,0,0,0,0,0,0,0,0,0,0,0,0,0,0,0,0,0,0,0,0,0,0,0,0,0,0,0,0,0,0,0,0,0,0,0,0,0,0,0,0,0,0,0,0,0,0,0,0,0,0,0,0,0,0,0,0,0,0,0,0,0,0,0,0,0,0,0,0,0,0,0,0,0,0,0,0,0,0,0,0,0,0,0,0,2897,5790,1862,86,11,512
0,0,0,0,0,0,0,0,0,0,0,0,0,0,0,0,0,0,0,0,0,0,0,0,0,0,0,0,0,0,0,0,0,0,0,0,0,0,0,0,0,0,0,0,0,0,0,0,0,0,0,0,0,0,0,0,0,0,0,0,0,0,0,0,0,0,0,0,0,0,0,0,0,0,0,0,0,0,0,0,0,0,0,0,0,0,0,0,0,0,0,0,0,0,0,0,0,0,0,0,0,0,0,0,0,0,0,0,0,0,0,0,0,0,0,0,0,0,0,0,0,0,0,0,0,0,0,0,0,0,0,0,0,0,0,0,0,0,0,0,0,0,0,0,0,0,0,0,0,0,0,0,0,0,0,0,0,0,0,0,3827,2504,139,50,1144
0,0,0,0,0,0,0,0,0,0,0,0,0,0,0,0,0,0,0,0,0,0,0,0,0,0,0,0,0,0,0,0,0,0,0,0,0,0,0,0,0,0,0,0,0,0,0,0,0,0,0,0,0,0,0,0,0,0,0,0,0,0,0,0,0,0,0,0,0,0,0,0,0,0,0,0,0,0,0,0,0,0,0,0,0,0,0,0,0,0,0,0,0,0,0,0,0,0,0,0,0,0,0,0,0,0,0,0,0,0,0,0,0,0,0,0,0,0,0,0,0,0,0,0,0,0,0,0,0,0,0,0,0,0,0,0,0,0,0,0,0,0,0,0,0,0,0,0,0,0,0,0,0,0,0,0,0,0,0,0,0,402,288,42,105
0,0,0,0,0,0,0,0,0,0,0,0,0,0,0,0,0,0,0,0,0,0,0,0,0,0,0,0,0,0,0,0,0,0,0,0,0,0,0,0,0,0,0,0,0,0,0,0,0,0,0,0,0,0,0,0,0,0,0,0,0,0,0,0,0,0,0,0,0,0,0,0,0,0,0,0,0,0,0,0,0,0,0,0,0,0,0,0,0,0,0,0,0,0,0,0,0,0,0,0,0,0,0,0,0,0,0,0,0,0,0,0,0,0,0,0,0,0,0,0,0,0,0,0,0,0,0,0,0,0,0,0,0,0,0,0,0,0,0,0,0,0,0,0,0,0,0,0,0,0,0,0,0,0,0,0,0,0,0,0,0,0,5643,50,9
0,0,0,0,0,0,0,0,0,0,0,0,0,0,0,0,0,0,0,0,0,0,0,0,0,0,0,0,0,0,0,0,0,0,0,0,0,0,0,0,0,0,0,0,0,0,0,0,0,0,0,0,0,0,0,0,0,0,0,0,0,0,0,0,0,0,0,0,0,0,0,0,0,0,0,0,0,0,0,0,0,0,0,0,0,0,0,0,0,0,0,0,0,0,0,0,0,0,0,0,0,0,0,0,0,0,0,0,0,0,0,0,0,0,0,0,0,0,0,0,0,0,0,0,0,0,0,0,0,0,0,0,0,0,0,0,0,0,0,0,0,0,0,0,0,0,0,0,0,0,0,0,0,0,0,0,0,0,0,0,0,0,0,5,21
0,0,0,0,0,0,0,0,0,0,0,0,0,0,0,0,0,0,0,0,0,0,0,0,0,0,0,0,0,0,0,0,0,0,0,0,0,0,0,0,0,0,0,0,0,0,0,0,0,0,0,0,0,0,0,0,0,0,0,0,0,0,0,0,0,0,0,0,0,0,0,0,0,0,0,0,0,0,0,0,0,0,0,0,0,0,0,0,0,0,0,0,0,0,0,0,0,0,0,0,0,0,0,0,0,0,0,0,0,0,0,0,0,0,0,0,0,0,0,0,0,0,0,0,0,0,0,0,0,0,0,0,0,0,0,0,0,0,0,0,0,0,0,0,0,0,0,0,0,0,0,0,0,0,0,0,0,0,0,0,0,0,0,0,60
