"urm","vox.x","vox.y","vox.z","vox.vol","vox.n","L.F.mar","L.O.inf","L.par.C","L.sub.C","L.tran.F.pol","L.Cin.A","L.Cin.MA","L.Cin.MP","L.Cin.PD","L.Cin.PV","L.CU","L.F.inf.Op","L.F.inf.Or","L.F.inf.Tr","L.F.mid","L.F.sup","L.Ins.ig","L.Ins.sh","L.O.mid","L.O.sup","L.OT.latfus","L.OT.medling","L.OT.medparhip","L.Orb","L.P.infang","L.P.infsupmar","L.P.sup","L.pos.C","L.pre.C","L.pre.CU","L.R","L.sub.Call","L.T.sup.Gttra","L.T.sup.lat","L.T.sup.pol","L.T.sup.tem","L.T.inf","L.T.mid","L.Lat.FisHor","L.Lat.FisVer","L.Lat.FisPos","L.pole.O","L.poleT","L.S.Cal","L.S.Cen","L.S.cingM","L.S.Ins.ant","L.S.Ins.inf","L.S.Ins.sup","L.S.coll.tra.ant","L.S.coll.tra.pos","L.S.F.inf","L.S.F.mid","L.S.F.sup","L.S.IPJ","L.S.Iptra","L.S.O.mid.Lu","L.S.O.sup.tra","L.S.O.ant","L.S.O.lat","L.S.OT.med.ling","L.S.Orb.lat","L.S.Orb.med","L.S.Orb.H","L.S.PO","L.S.per.Call","L.S.pos.C","L.S.pre.C.inf","L.S.pre.C.sup","L.S.sub.Orb","L.S.sub.P","L.S.T.inf","L.S.T.sup","L.S.T.tra","R.F.mar","R.O.inf","R.par.C","R.sub.C","R.tran.F.pol","R.Cin.A","R.Cin.MA","R.Cin.MP","R.Cin.PD","R.Cin.PV","R.CU","R.F.inf.Op","R.F.inf.Or","R.F.inf.Tr","R.F.mid","R.F.sup","R.Ins.ig","R.Ins.sh","R.O.mid","R.O.sup","R.OT.latfus","R.OT.medling","R.OT.medparhip","R.Orb","R.P.infang","R.P.infsupmar","R.P.sup","R.pos.C","R.pre.C","R.pre.CU","R.R","R.sub.Call","R.T.sup.Gttra","R.T.sup.lat","R.T.sup.pol","R.T.sup.tem","R.T.inf","R.T.mid","R.Lat.FisHor","R.Lat.FisVer","R.Lat.FisPos","R.pole.O","R.poleT","R.S.Cal","R.S.Cen","R.S.cingM","R.S.Ins.ant","R.S.Ins.inf","R.S.Ins.sup","R.S.coll.tra.ant","R.S.coll.tra.pos","R.S.F.inf","R.S.F.mid","R.S.F.sup","R.S.IPJ","R.S.Iptra","R.S.O.mid.Lu","R.S.O.sup.tra","R.S.O.ant","R.S.O.lat","R.S.OT.med.ling","R.S.Orb.lat","R.S.Orb.med","R.S.Orb.H","R.S.PO","R.S.per.Call","R.S.pos.C","R.S.pre.C.inf","R.S.pre.C.sup","R.S.sub.Orb","R.S.sub.P","R.S.T.inf","R.S.T.sup","R.S.T.tra","L.thal","L.caud","L.putm","L.pall","L.hipp","L.amyg","L.accm","R.thal","R.caud","R.putm","R.pall","R.hipp","R.amyg","R.accm","L.vent","R.vent","icv"
367,1.00000739097595,1,1,1.00000739097595,11730944,2172,3196,3038,2896,1174,5071,3353,2780,1590,513,2622,3412,980,3055,11917,17261,1086,2796,4123,3082,5527,4694,3133,7615,6695,5894,7120,4047,6240,6122,2080,549,1057,6165,1758,1360,7221,8274,468,633,1297,2893,6014,2989,3358,1595,1046,2320,2784,1576,778,3542,1975,4759,364,4882,1002,2190,1109,2033,3789,619,1240,2517,3195,1140,3966,2334,1924,1263,1678,3155,9946,438,1711,2104,2176,3502,2005,6687,3916,2773,1423,517,2910,3547,817,2864,9721,16899,1120,2215,4437,3525,4029,4890,2598,7405,7694,5310,6087,3870,6358,6263,1376,645,765,4932,1958,1061,8073,10462,560,285,1848,4387,6056,3498,3295,1627,1187,1951,2262,2263,895,3060,3135,4771,681,4305,1394,2357,885,1531,3210,662,1404,2919,3673,1605,3445,3708,2016,578,2483,2659,9984,348,6764,4061,5062,1188,4383,1083,337,6309,3950,4933,1316,4742,1065,337,10501,9815,1527706
373,0.999998390674591,1,1,0.999998390674591,11468800,1750,2693,2324,3609,1282,4758,3200,2464,1081,730,2543,3076,572,2263,9387,16843,1054,1762,4337,2161,3062,4159,2817,5145,4892,5571,4654,3910,5300,4784,1944,362,1252,5427,2128,1456,5887,7600,383,386,1595,2682,5110,3480,2854,1431,833,2074,2766,2080,539,3618,1635,3401,752,2951,1178,1162,874,384,2913,418,902,2010,3442,833,3881,3035,1712,850,1425,2170,7472,585,1909,2025,2165,2507,2182,5243,2658,2944,1560,881,2928,3568,735,2298,7607,15764,1200,1752,4085,2592,3549,4429,3095,4924,5385,5868,3971,2645,5261,4365,1449,259,1084,4926,2005,1449,5241,7242,714,349,2059,4080,4866,3397,2978,1698,954,1954,2411,1588,808,2789,2807,3266,944,2963,1144,1384,743,1107,2734,588,956,2369,3127,1580,2848,3335,2124,760,1740,1662,10228,361,5334,3299,3893,1064,3348,829,338,5471,3303,3747,1127,3331,836,376,4212,2803,1262426
4001,1,1,1,1,11534336,1758,2661,2215,2908,1283,3353,1797,2081,1005,463,2462,2220,843,2174,8400,14496,925,1950,3614,1966,3199,4690,2440,4744,5471,5822,5191,2650,5046,4600,2071,420,893,4553,1092,1915,6096,5620,373,434,1389,2517,5049,2523,3087,1407,732,2117,2480,1099,315,2579,2088,3964,424,3747,1022,1296,904,923,3059,314,936,2420,2716,945,3761,2114,1237,839,1612,1217,6629,553,1105,2324,1776,2013,2109,3968,2429,2043,1096,557,2143,2240,613,2236,6828,13045,1100,1939,4205,2314,3775,4086,2272,5770,5756,5089,3692,2427,4918,4825,1487,510,414,4659,1160,1361,5436,5522,411,282,2022,3684,4912,2173,3232,1656,810,1616,1972,1039,378,2374,1890,4198,1164,3597,1103,1819,933,1483,2379,375,1237,2399,2628,1432,2360,1736,1225,306,1417,838,7403,473,5174,3507,3321,1147,3688,882,346,4827,3496,3344,1084,3663,863,315,11260,11850,1310122
4004,1,1,1,1,11534336,1839,2554,2795,2664,1384,4083,2553,2499,1293,310,2577,3305,889,3111,7182,17107,926,2011,4245,2750,4431,3057,3248,5551,5151,5869,6111,4019,4976,5738,1707,310,994,4973,1378,1705,6313,7544,551,418,1527,2868,4587,2205,2415,1640,817,1841,2796,1818,388,3727,2259,3748,238,4425,1196,2085,1631,1340,3180,707,1077,2325,2670,810,4093,2289,1701,1281,1807,917,8495,384,1787,1645,1918,2586,2229,4771,3127,2394,1023,478,2533,2695,911,2304,7998,15533,1101,1689,5092,3315,4274,3713,3609,6148,5509,6104,5035,3062,6176,5536,1169,706,776,4358,1693,1423,6030,7376,806,267,1744,3929,4783,2291,2828,1883,1065,1612,1762,1582,527,2920,2797,4132,458,5265,1087,1982,1479,1555,3281,553,1095,2423,3467,1395,2683,2626,1380,280,2536,1753,9678,303,5400,3651,3692,1205,3568,892,411,5434,3476,3690,1116,3518,845,442,1606,1545,1278148
4009,1.00000143051147,1,1,1.00000143051147,11534336,1687,2760,2856,3046,1478,5134,2721,2674,1688,575,2066,3927,589,3386,9717,18312,1101,2624,4367,2225,4096,3070,2955,5217,5897,7844,5640,3335,6174,5826,2102,480,1422,6408,907,1372,5767,6113,566,541,1578,2718,5448,2501,3249,1933,963,2893,2640,1038,366,3165,2307,4161,275,4785,753,1906,1356,1257,2926,297,928,2503,2608,758,3955,2064,1468,919,2294,1226,7859,563,1555,1641,2402,2468,2555,5804,3319,3156,1193,798,2576,2805,680,2736,7845,17861,1470,2099,4493,2760,4286,3325,3354,6846,5402,6558,4089,3601,6385,4758,1517,340,874,5335,1418,1535,5130,6743,752,292,2040,3765,6058,2422,3244,2667,1280,2193,2847,1070,768,3370,2609,3985,672,5261,484,2089,821,1167,2877,607,932,2808,2925,1799,2964,2191,2199,264,2653,1051,9150,435,5804,3659,4967,1300,4035,996,349,5919,3741,4919,1225,3814,1000,331,8523,11419,1453813
4013,1,1,1,1,11534336,2318,2618,2062,3904,1774,3586,2444,1992,1321,738,2725,3149,601,1862,7827,13208,1245,1934,4270,2682,3107,4262,2519,5308,4813,5030,5079,4731,6321,5469,2064,238,872,5588,1206,1150,4771,7614,611,200,1024,2247,5124,2728,3828,991,717,2134,2065,2231,615,3546,1791,3696,690,3723,1480,1917,930,1240,3010,611,963,1635,2745,1301,3725,2466,1573,1027,1724,2119,7780,487,1706,2168,2312,2771,2273,4991,2831,2140,1452,581,2840,2530,1152,1744,6930,13437,866,1725,4534,2722,3847,4020,2457,5164,6699,4050,4551,3084,5708,5104,985,380,721,4404,1565,1189,4774,8726,547,190,1625,4086,4906,2851,3631,1582,930,1448,1707,1297,546,3183,3538,3141,678,4174,1470,1754,1205,1210,3159,554,731,1995,3124,1631,2455,2743,1382,427,1947,1516,10024,351,5500,3128,4520,1218,3689,738,282,5708,3157,4405,1212,3659,762,293,3697,2044,1201462
4015,1,1,1,1,11534336,2027,1767,2828,2027,1404,3263,1764,2003,939,337,2002,2563,560,2407,7679,14281,947,1604,3218,1737,4004,3932,3581,5056,5251,4767,4814,3222,5018,4520,1698,1056,814,4382,1086,1499,4702,5348,472,462,1390,2231,4382,2409,3625,1756,625,1873,2137,1300,442,2458,1658,4067,417,3579,1182,1498,700,1086,2992,734,873,1912,2209,643,3132,1219,1770,861,908,1184,5798,403,1487,2347,2434,2177,2184,4072,2340,2246,839,488,2197,2462,824,2423,6927,13258,853,1431,4371,2047,2969,4089,2347,4757,4077,4217,3783,2664,5020,4340,1309,315,559,4197,1145,1535,2770,6271,564,215,1911,3010,3724,2287,3468,2063,910,1492,2005,1209,491,2073,1867,2881,343,3800,1028,1712,1149,997,2563,445,871,1989,2112,1248,1944,1983,1972,264,1081,981,7845,289,5429,3229,4132,1099,3335,789,294,5319,3184,4147,1102,3203,762,246,3934,3554,1142004
4018,1,1,1,1,11534336,1284,2995,2618,2515,936,3585,2257,2416,1239,412,1899,3003,900,2973,7531,12617,876,1759,4347,1777,3247,3688,2721,5333,3895,4808,5074,3957,4774,4278,1857,449,680,3943,1356,1085,4487,6026,426,489,1338,2912,3734,2401,3407,1503,938,1775,2339,1168,352,3343,1581,3842,544,3355,1512,1509,1155,1027,2942,400,827,2091,2397,640,3646,1629,2153,1067,1490,1175,6933,437,1424,1960,2047,2288,1639,4143,2438,2716,1138,424,2356,2608,1161,1633,5971,11707,839,1783,4508,2629,2896,4276,2597,5363,4557,5927,3674,3312,5302,4486,1492,496,622,3678,1487,934,3912,7236,532,162,1522,2980,4565,2215,3227,1791,1110,1559,2025,1627,702,2911,2678,3250,324,3174,999,1540,781,872,2442,377,1118,2359,2789,1775,3053,2399,1740,391,1788,1449,7554,387,5865,3323,3960,1071,3512,866,321,5708,3442,4054,1175,3547,896,277,7071,5613,1260083
4027,1,1,1,1,11534336,1489,2724,3087,2552,1601,4448,2614,2074,1534,551,2432,2935,779,2504,8249,14150,1151,1637,3469,1905,3039,4429,2801,5306,4914,5277,5090,3159,5379,4539,1933,629,821,4764,1295,1506,6820,7197,310,410,1449,2335,4826,2920,3197,1617,677,2166,2312,1521,522,3072,1624,4553,428,3903,1034,1884,745,1092,2674,430,861,2310,2578,881,3219,2340,1504,723,1250,1505,7109,228,1349,1861,2310,1922,1757,5754,2730,2122,1582,609,2452,2534,925,2717,7019,14304,1061,1762,4342,2220,2934,4160,3158,6098,5387,5143,4091,2919,5604,4948,1080,397,565,3615,1631,1212,5673,7408,435,360,1604,4413,5726,3216,3242,1364,836,1403,1696,1319,704,3314,1977,3362,969,3304,1303,1929,775,1317,2265,675,962,2387,2558,1703,2509,2218,1768,460,2071,2109,7236,294,5632,3325,4992,1261,3927,788,299,5683,3228,4914,1283,3940,814,268,4552,3728,1371635
4028,1,1,1,1,12124160,2319,1965,2547,2810,1740,4947,2733,3140,1419,338,2542,3523,838,3508,9616,18756,1309,2427,4760,2120,4577,3799,2737,6129,4180,7381,5742,3190,7018,5506,2434,534,971,5594,1622,1754,7393,6569,423,605,1465,2125,6074,2577,3532,2014,805,2415,2833,1431,401,2883,2095,5686,628,6128,1334,1586,743,1406,3407,707,1005,2458,3325,1203,3724,1788,2652,1177,1418,1883,8174,477,1683,2234,2442,2788,2574,5858,3852,3059,1064,606,2199,3849,1179,3881,9392,18887,1180,2045,4100,2344,5093,4118,2515,6075,7938,6548,5552,3046,6530,6138,1503,658,961,5247,1352,1775,4465,9074,544,662,2128,4027,5655,2267,3321,2048,1330,2515,2566,1239,446,3016,2771,4639,854,3857,1046,1452,880,1316,2977,338,1203,2476,3172,1671,3107,2572,2283,704,1832,1318,10327,373,5885,4643,5472,1514,3435,879,494,5966,4566,5397,1526,3477,909,449,3974,3405,1391308
4164,1,1,1,1,11534336,2737,3114,2434,2964,1301,4734,3273,2810,1446,374,2424,4122,764,3000,10819,18232,1180,2341,4780,3070,3697,3962,3342,6761,6477,6629,6696,3819,6044,5700,2270,333,932,6050,1471,1693,7265,7765,434,374,1253,2517,6893,2744,2799,1381,1065,2375,3063,2593,547,3397,2273,4499,474,4848,1845,1847,789,1385,3128,573,1180,2917,2330,1485,3806,1989,2512,1209,2152,1859,9323,676,1955,2002,2480,2915,3043,5916,3980,2599,1378,508,2278,3127,1103,4237,7021,19187,1252,1899,4927,3600,4469,4130,3451,7586,8140,6349,5338,3888,6789,5669,1306,590,1029,5205,2167,1113,7270,9884,536,512,1874,3700,6293,2503,3333,1737,1169,2014,2312,1969,815,2998,3673,4034,1181,3517,1395,1945,1275,1353,2904,728,1200,2725,3132,1598,3254,1958,2478,715,2059,2638,9247,461,5767,3901,4352,1162,3829,776,340,5590,3930,4242,1162,3837,938,282,6116,6018,1335141
4165,1,1,1,1,11534336,2431,3272,2233,2702,2144,5766,3521,2310,1676,747,2550,3853,1238,3477,10877,19875,1533,2490,3793,1920,3551,4869,3666,6980,6676,6508,5508,4123,5508,5038,2401,438,1172,5153,2211,1630,7627,9479,490,811,1217,2617,5294,3163,2808,1826,1259,2202,3106,1837,557,4112,2169,5430,608,3987,1384,1818,1466,1351,3078,463,1322,3100,2435,1171,4000,2590,1987,1067,1773,2609,9307,621,2328,2353,1822,2581,3575,5712,3557,3236,1472,768,2639,3592,1015,3385,10172,19312,1450,2666,5407,2254,4294,4439,3729,6990,7705,5901,4039,4091,6115,5103,1443,933,644,5168,1903,1383,5707,9340,731,505,2065,5782,6191,3253,3011,1936,1055,1941,2536,1795,484,3416,3722,5066,562,3834,880,2256,1432,1550,3425,567,1328,3154,2656,2657,2881,2682,2289,384,2169,2239,9673,514,6883,3659,5468,1523,4282,843,311,6613,3721,5357,1466,4154,899,287,3349,4204,1452229
4166,1,1,1,1,11534336,2676,3497,2751,3672,1829,4052,2744,2596,1638,546,2269,3512,568,2401,10680,18052,967,2327,4896,2642,5010,4545,3451,6279,5064,6761,6193,4184,6942,7032,2047,221,1064,6716,1533,1535,7106,7856,428,303,1195,2530,5839,2718,3291,1647,807,2449,2882,2702,452,3275,2189,4071,966,4274,1331,2039,1814,1392,3435,623,1159,2457,2206,1042,3365,2960,2340,1352,2424,1705,9720,537,1993,2407,2187,2522,2148,5397,2859,3069,1506,714,2512,3764,977,3439,9401,15283,1187,2062,4971,3721,5333,4354,4286,7103,6109,7701,4524,4240,6473,6762,1454,718,822,5176,1910,1550,6459,8198,549,428,1910,3681,6474,2858,3293,2094,1157,1837,2303,2414,509,3532,3259,3990,800,3780,1052,2848,1432,1331,3149,818,1386,2485,2669,1704,3979,2640,2321,678,2518,1591,9620,536,6001,3234,4616,1212,3317,880,318,5792,3403,4459,1198,3462,925,310,9854,7799,1457979
4169,1,1,1,1,11534336,2202,2667,1910,3109,1502,4057,2380,2314,1350,570,2441,3082,913,3075,8645,16357,912,2050,3830,2256,4463,4874,2347,6189,4611,6861,6584,2955,5556,4943,1998,905,1108,4591,2013,1476,8498,7668,398,664,1395,2467,6219,3359,3195,1503,1087,2635,3035,1583,506,2893,3259,4255,354,3536,1244,1794,887,1810,4177,625,1261,2413,3660,895,3093,2582,1869,980,1406,2297,7581,369,1784,2593,1460,2699,2589,5003,3443,2976,1616,878,2693,2614,1282,2638,8188,15468,967,1671,5855,3005,4050,3994,2309,7292,5834,5981,4069,3519,4904,5745,1469,770,992,4693,2290,1233,6004,7665,516,401,2376,4190,5514,3063,2502,1863,1261,1938,2266,1875,684,2596,4725,4437,294,3166,1737,1428,1617,1091,3418,905,1301,2659,2552,1991,3434,2156,1414,582,2535,2114,8916,500,5629,3417,3374,1141,3383,847,334,5528,3412,3506,1143,3358,873,239,5375,4683,1342247
4170,1,1,1,1,11534336,1906,2178,2520,2494,1056,3835,3142,2322,1216,535,2248,2950,849,2358,9076,17266,893,1858,3787,1943,4848,3845,2985,5831,5878,5854,4842,3738,5732,5903,1798,653,727,4897,1212,1130,5355,9155,307,486,1079,1843,4475,2017,3011,1533,875,1972,2480,1364,438,2893,1696,4816,682,2934,901,1775,1339,1140,3131,638,1013,2879,2690,915,3541,2568,1396,852,1776,2173,8848,558,2324,1872,2078,2475,2505,4975,3312,2968,1436,508,2890,3108,968,2317,6682,15036,1073,1496,4706,2500,4522,3825,2628,6516,6858,4646,4646,3056,4806,5031,1884,291,725,4258,1404,1505,4961,9007,711,312,1595,3389,5056,2051,2827,1889,1053,1464,2194,1191,625,2423,4106,4300,518,4272,916,1439,787,1411,2984,570,631,2697,3785,1727,2389,1111,2496,669,1491,1592,10145,396,5865,3604,4041,1041,3790,786,301,5794,3687,4003,1074,3839,786,256,4189,3797,1246624
4171,1,1,1,1,11534336,2302,2817,3274,3810,1642,7684,4446,3326,2155,996,3290,5584,1072,3891,13712,23471,1387,2862,6590,2961,4714,6320,3229,7639,7415,7838,6840,5716,7881,5748,2484,1125,1150,6555,2451,2000,9715,11952,636,758,1482,2377,5349,4040,3773,2071,1287,2267,3538,2152,639,5265,2263,5674,876,5127,2162,2572,2030,2261,3443,753,1128,3160,4402,1609,5511,3393,2023,1142,2795,2457,11098,550,2337,3399,2254,3092,3898,7879,4049,3811,2412,846,3230,6790,1347,4791,11467,20741,1302,2482,5419,3692,5001,6001,4342,7272,9440,7024,5254,5143,6934,6205,1584,925,1029,6031,1809,2239,7177,11241,821,695,2244,5099,5434,3537,3211,3586,1192,2026,3025,1962,768,4965,2609,4812,608,3884,1388,2506,1359,1759,3356,804,1894,3220,4644,1955,4676,3750,2867,692,3199,2486,12759,514,6928,4181,5645,1376,4607,945,391,6952,4030,5474,1450,4377,1005,372,5802,5027,1719962
4173,1,1,1,1,11534336,2151,2079,1979,3002,1309,3881,2354,2384,1475,363,2162,2849,607,2327,8120,15835,1194,1687,3398,2109,3326,3465,2877,4964,4966,6872,6450,3016,5273,5094,1562,494,1226,5050,1026,1917,6027,6796,365,196,1652,2687,5511,1839,2699,1413,703,1895,2317,1245,479,3692,2475,4671,530,4884,864,1409,1096,986,3264,526,897,2566,2718,1043,4380,1667,2220,1249,1263,1168,6946,559,1695,1614,1735,2555,2166,4578,3158,2544,1008,489,2439,2641,669,1679,6934,15407,1207,1361,4107,2920,3572,3802,3230,6404,4967,6514,4669,2742,6182,5143,1462,541,661,4964,1211,1452,5988,7986,400,236,2102,3551,5025,2211,2576,1579,755,1777,2110,1420,572,2340,2534,4148,886,4122,852,1875,942,1083,2784,569,902,2321,2585,1681,2922,2510,2388,494,2342,1689,7818,290,5714,3090,4092,1209,3389,803,377,5459,2995,3937,1076,3503,873,269,5120,4991,1317076
4178,1,1,1,1,11534336,2209,1961,3272,3063,1428,4331,3342,2595,1093,540,2344,3794,896,2497,11870,19962,1079,2523,3148,2925,4048,3933,3335,7371,5197,6798,4975,3806,6929,5177,2683,640,1270,5083,1961,1812,6366,7802,517,549,1739,3184,5331,3544,3182,1631,1036,2314,2628,1286,457,3787,2545,5791,775,5062,809,1679,464,1347,3340,491,1074,3070,2392,1131,3115,2990,1995,891,1389,1879,7455,440,1738,1922,2291,2739,2517,6422,4324,3059,1479,671,2381,3025,540,2958,10257,17135,1316,2415,4106,3755,4463,4113,2843,6793,5815,5740,3903,4023,8042,5321,1676,960,827,4780,2018,1126,5915,7885,619,291,2398,4619,5528,2955,3725,1946,1121,1820,2659,1194,446,3813,4080,5298,305,4008,1226,2580,1189,1114,2763,492,1331,2514,2065,1728,2636,2688,3304,1053,1758,1272,9041,412,6044,3453,4268,1094,3890,1030,386,6330,3789,4313,1170,3787,1019,316,9163,7410,1453863
4181,1,1,1,1,11534336,2318,2451,3425,2738,2000,4849,2654,2106,1159,325,2582,4214,647,2235,9887,18736,1128,1739,2606,2144,3280,3844,2747,6050,5322,5513,5692,4304,5678,5473,2174,700,761,4563,1478,1107,6942,7518,595,190,1462,2251,5156,3002,2876,1776,807,2227,2778,1370,531,3452,2367,4646,329,4593,879,1640,784,1352,2893,562,1361,2277,3285,758,3439,2235,1983,1177,1104,1941,7156,347,1768,1532,2678,2957,3491,5010,3195,3084,1263,439,2368,3685,715,2510,10550,15329,995,1559,3791,2359,3362,3802,2333,5881,5822,6025,4849,3521,5518,4832,1713,841,677,4412,1588,1521,6215,7262,699,251,2108,3432,6226,2390,2287,2962,867,1965,2425,1398,428,3359,3526,5282,432,4205,972,1719,886,1100,2792,741,1250,2787,3604,1306,3452,2705,1697,941,1249,2186,7182,494,5467,3285,3943,1098,3630,751,333,5601,3214,3879,1112,3355,820,357,6914,9523,1266184
4201,1,1,1,1,11534336,1487,1895,1988,2082,992,3065,1569,1799,1001,364,1932,2014,619,2219,7065,12431,814,1867,3515,1815,3152,3179,2738,4866,5067,4968,4276,2708,4438,4238,1209,261,657,3994,1223,1286,4847,4587,398,328,1213,2066,4630,2068,2359,1149,599,1618,2282,1231,322,2206,1430,2900,339,2732,1359,1396,985,1280,2680,471,696,2066,2175,872,2606,1299,1296,745,1281,1391,6214,338,1579,1293,1628,1941,1816,3367,2324,2061,844,634,1670,2173,596,1663,5384,11145,840,1513,3708,2289,3340,3402,2546,5235,4559,4642,3504,2374,4366,3896,1033,356,562,2957,1270,808,4220,5704,326,223,1729,3753,5085,2310,2428,1587,877,1070,1801,1203,429,2125,2299,2940,248,3410,908,1638,1176,996,2015,493,949,1718,1713,1339,2444,1605,1389,388,1854,1433,6978,232,5121,2845,4140,1173,3505,880,313,5043,2976,4160,1101,3571,906,276,5339,4039,1116767
4202,1,1,1,1,11534336,1704,2113,3194,3380,1642,4600,2735,2116,1051,378,2298,3391,611,3160,9874,18448,1316,1949,4743,2462,3663,3709,2919,5173,5088,4393,6080,3924,5564,4683,2029,346,849,5846,1417,1118,5631,7171,439,320,1068,2251,5639,2568,3276,1514,738,2113,2701,1257,467,3750,1606,3649,409,3527,1409,1534,937,1699,2499,590,1248,1698,2599,930,4329,1841,1863,1297,1450,1586,10269,391,1730,2725,2526,2546,2430,3599,2915,2666,1053,488,2351,3403,702,1985,8545,18411,1251,2176,5041,2717,3875,3561,3766,6002,6735,4864,4368,3413,5805,4750,1630,539,691,4634,1481,961,6058,7698,435,191,1815,4791,5335,2258,3080,2132,976,2039,2291,1160,683,3134,3176,4284,297,3917,1145,1809,1439,987,2225,647,1274,1773,2906,2031,3461,1892,2086,533,1702,1519,9418,399,5252,2828,4592,1165,3456,746,287,5283,2984,4679,1203,3287,654,324,26072,27581,1370373
4204,1,1,1,1,11534336,1725,2116,2126,2517,1254,3881,2269,1940,897,423,2116,2739,407,1896,8466,13963,1020,1679,3561,1828,3492,3278,2483,4914,3484,5461,5530,2781,4942,5840,1788,748,822,4302,1175,1694,6109,5826,308,389,1100,2272,5756,2451,2808,1286,777,2062,2212,1566,392,2038,1678,3537,1218,4294,964,1551,449,988,2456,519,775,2170,1977,657,2877,1421,1559,682,1902,2381,6896,452,1611,1837,1850,1469,1885,4344,3037,2746,1459,574,2109,2005,558,2016,7383,12557,1018,1541,4143,2401,3205,3528,3060,5089,5715,4725,3758,2836,4521,4739,1258,428,503,3858,1535,1247,5060,6981,499,244,1418,3746,5561,2284,2544,1901,767,1521,1850,1842,593,2731,2925,3828,500,3981,799,1696,814,921,1918,354,892,2485,2334,1563,2413,1981,1188,692,1864,1491,7828,386,4762,2637,3287,896,3766,777,248,4819,2833,3272,952,3966,821,231,6459,7135,1158045
4209,1,1,1,1,11534336,1661,1977,1838,1946,1019,3244,2130,1685,634,527,1760,2485,508,1351,5730,10189,811,1322,2440,1892,2778,3759,2313,4197,3365,4433,4744,2385,4008,4008,1782,170,729,3891,812,1061,3492,4358,398,242,971,1900,3781,2005,2034,1399,659,1748,1958,1384,250,2176,1196,2786,449,3132,918,880,720,586,2341,291,515,1712,2288,689,2633,1680,1260,816,844,1416,4737,318,1208,1487,1882,1885,1458,3697,2161,1764,735,416,1562,2057,505,1879,5181,9978,590,1276,2416,1855,3159,3878,2130,4658,4472,3849,3283,2301,3638,4353,1111,194,525,2624,815,910,2717,3603,458,279,1368,2903,3940,2027,2045,1317,879,1585,1475,1255,314,1964,2093,2640,332,2839,621,1010,532,757,1915,436,848,1672,1896,1381,1882,1432,1384,365,1387,881,4777,224,4611,2463,3558,830,3137,662,339,4402,2566,3508,839,3207,601,288,1988,1554,964538
4210,1,1,1,1,11534336,2398,3434,2588,3304,1995,5006,4232,2513,1541,802,2855,4318,1029,4052,10727,20678,1343,2568,4853,2758,4706,4384,2590,5859,6217,8238,5964,3822,6548,7254,2043,742,1081,5817,2043,2466,6420,8888,727,660,2110,3267,6535,3603,3086,1783,856,2371,3377,1395,647,4102,1941,5188,293,4599,2048,1894,1457,1830,4011,756,1563,2707,3223,1304,3881,2597,2483,1228,1820,1767,8855,477,1887,2718,1997,2564,2669,5797,3967,2845,2222,791,3695,4015,997,4140,9112,18479,1117,2628,6532,3029,5349,5339,3107,6734,7134,7154,4603,3136,5884,6470,1637,685,714,4087,1939,1412,6922,9886,895,614,2406,3931,5869,3850,2665,2006,1169,1946,2905,1830,450,3303,4244,5613,503,4445,2062,2539,1294,1960,3333,535,1333,2316,3595,2195,3436,2533,3033,655,2997,1470,10137,282,6161,3521,4741,1375,4008,864,343,6221,3551,4602,1233,4305,874,325,2878,2471,1487488
4211,1,1,1,1,11534336,1646,2243,2826,2513,1223,3802,2084,2444,1571,486,2171,2575,694,2826,10533,15527,808,2060,3397,2297,3423,3778,2706,4939,4966,5961,5095,3915,4851,4797,1676,645,981,4292,1288,1777,6388,6310,357,644,1383,2139,5129,2972,2504,2072,732,1682,2225,1475,482,3241,1695,3897,355,3416,1263,1842,680,1043,2864,469,1144,2043,2499,1510,4091,1775,1767,1038,1415,1569,7542,469,1189,1444,1724,1899,1941,4907,2655,2386,1321,616,2329,2454,756,2532,9986,14622,891,1799,4237,2082,3384,3256,2380,5755,8060,3992,3921,3200,5345,5039,1146,666,791,4030,1478,1049,6087,7167,611,247,1573,3332,4552,2532,2319,1797,896,1435,1929,1573,257,2663,3076,3646,299,4246,988,2128,1095,1489,2890,614,1330,1926,2596,1281,3358,2381,2380,560,1957,1926,9488,378,5681,3675,3679,1186,3747,923,366,5578,3630,3736,1224,3759,862,293,7030,5430,1279810
4215,1,1,1,1,11534336,1800,3168,3114,3633,2162,3930,2864,2324,1723,409,2474,3600,795,2291,11488,18547,1094,2593,4589,2378,3987,4098,2897,5605,5395,7581,7641,3300,7159,6566,2114,1271,1209,5501,1604,2269,5317,6130,431,290,1913,2343,5461,2778,2926,1625,823,2518,2927,1367,429,3019,2477,5443,495,4818,1382,1624,1353,1394,3267,408,1218,2221,3220,1156,3073,2902,2091,695,1763,1398,8361,576,2278,1912,3187,2981,2550,5036,3141,3550,1397,398,2740,3415,498,2534,10916,18892,1167,2124,5108,3819,4199,4016,3156,6449,6008,5443,5137,2834,6520,5272,1517,852,987,5310,1547,1700,6048,8142,706,375,2018,4354,5055,2987,2565,2676,1236,2126,2683,1438,450,2630,3213,4171,560,5243,1418,2321,1653,1439,3153,448,1155,2223,4410,1747,2943,2769,2550,54,2239,1260,8144,502,6245,3108,5024,1202,3914,777,330,6232,3216,4776,1060,4267,793,343,5122,4323,1467204
4216,1,1,1,1,11534336,1778,2493,2152,2850,1443,3697,2695,2136,1266,574,2594,3206,813,2272,9070,15599,1395,2316,4425,1837,4707,4127,2772,6898,4798,6471,5478,4147,5650,5574,1955,714,1161,5718,1776,1737,6698,7474,374,279,1573,2213,5660,3032,3788,1437,926,2491,2646,1502,538,3694,1883,4268,612,4318,998,1756,1284,1120,3612,391,1173,2577,2227,1043,3746,1914,1295,824,1736,1477,10088,495,1965,3454,1982,2606,2478,4291,3481,2575,1449,759,2165,3123,738,2210,8043,14583,1260,2104,4222,2447,4613,3751,3027,6453,6704,6770,4972,3430,6469,6145,1352,800,710,5655,1645,1689,5502,8752,666,298,1879,4284,5238,2360,2820,1918,1155,2061,2122,1230,638,2471,2866,4596,278,4096,1059,1781,1313,1344,3074,434,1329,2619,2763,2093,2690,2501,2003,272,1806,1183,8492,590,5741,3861,4472,1131,4389,998,449,5832,3692,4445,1145,4450,1054,373,4920,6024,1387213
4217,1,1,1,1,11534336,2025,3116,2362,2673,1142,4406,3439,2626,1357,591,2613,3709,958,3257,9502,17073,1146,2166,4558,2299,4594,3838,3040,5393,4665,7312,5849,3475,6892,5913,2095,543,958,5663,1700,2140,6458,8899,648,526,1541,2913,5307,2608,3226,1666,828,2200,2158,1609,393,4441,2193,4814,436,4051,1585,1485,1262,1056,2799,1011,1551,2032,2988,1042,3356,2668,2765,827,1627,2211,8461,590,1863,1903,2211,2426,2230,4899,3140,3147,1485,588,2917,2961,1103,2669,9575,15709,1148,1843,6191,3478,3370,4205,2865,5910,6328,5568,3858,2995,7093,4744,1222,417,742,5234,1551,1750,5971,9451,738,417,2022,3804,5203,2500,2940,2039,972,2248,2256,1617,724,3452,2921,4753,581,3816,892,2875,1244,1277,2855,533,925,2517,4398,1606,1937,2488,3404,438,1611,1959,9527,465,5713,3876,4872,1273,4068,901,352,5745,3852,4752,1236,3917,932,258,4445,2564,1331338
4221,1,1,1,1,11534336,1771,2638,2260,3139,1405,4396,3020,2356,746,483,2170,3010,549,1365,6774,14961,1275,1745,3711,2621,3210,2256,2637,4611,5206,5032,6018,4492,6285,5038,1473,814,1369,5507,1298,1614,6514,6620,479,293,1335,2447,3771,1728,3381,1571,932,1970,2481,1889,580,2803,2213,5189,559,4491,1179,1767,817,1336,3173,480,1074,1938,2292,1094,3750,1583,1345,1111,1389,1825,8431,473,1603,1301,2458,3123,2409,5078,3298,2951,1139,445,2120,2618,639,1608,7215,14869,1281,1613,4101,3154,3788,2257,2746,5320,6815,5308,3502,3487,5867,4567,1430,578,771,5138,1442,1280,6516,6792,371,258,1643,3638,4287,1554,3208,2158,775,2184,2257,1613,514,2065,3306,3282,644,4805,619,2151,1093,1176,2921,280,1174,1974,2514,1444,3246,2489,2023,514,1484,1661,8528,462,5135,3011,3753,1048,3358,811,387,5207,3170,3797,1028,3477,856,338,3350,3031,1214938
4245,1,1,1,1,11534336,1597,2276,1712,2202,1558,3120,1949,2231,980,411,2029,2166,711,2610,8126,14659,747,1981,3384,2150,3990,2710,2778,5085,3630,4990,4807,3234,5307,4175,2245,573,628,4206,896,2103,5938,6172,405,364,1375,2340,4752,2100,3325,1526,787,1884,2217,1307,274,2469,1944,4716,575,3242,1064,1371,569,1081,2701,463,796,1328,2668,729,3649,1381,1844,895,1151,1628,5851,347,1373,1701,1737,1908,2195,3690,2775,2765,1035,403,2514,2004,962,2526,7079,14315,787,1589,3779,2342,2693,3166,2815,5164,4483,4813,3717,2584,5221,4096,1201,269,603,4148,1195,1055,5461,6254,361,297,1580,3297,5537,2057,2670,1841,861,1453,1807,1413,851,2560,2068,2871,898,3213,974,1758,757,1318,2756,566,923,1830,2938,1208,2536,1549,1984,262,926,1182,8336,366,4933,2715,3990,1016,3185,742,279,4878,2756,4005,1028,3233,817,298,2552,2502,1191712
26896,0.999993979930878,1,1,0.999993979930878,11534336,1698,2808,1835,2658,1297,5026,3295,2555,1607,502,2597,3348,694,2701,8146,15692,910,2092,3781,2819,4262,4027,3314,5258,4578,5941,5783,2753,5518,4871,1676,682,864,4841,1446,1130,4325,7024,503,365,1426,2471,6086,2318,2941,1523,905,1864,2718,1096,662,3603,2005,3871,367,4759,1295,2071,1133,1130,4161,357,815,2463,3090,1134,3014,2491,1863,767,1412,1732,8937,700,1751,1756,1591,2067,2112,5795,4143,2918,1280,617,2611,3376,549,3229,7450,15380,1162,2018,3983,3105,4625,4202,2486,5595,4609,6119,4673,2311,5056,4716,1282,555,716,4993,1770,1637,5970,7206,679,485,2134,3449,5228,2617,2288,1545,936,1822,2193,1561,712,3254,2144,3704,555,4131,957,2060,1081,1347,3519,509,1065,2450,3034,1958,3079,2471,1824,239,1945,1313,9213,510,5935,3949,4622,1134,3617,813,395,5824,3992,4363,1142,3945,1170,322,4004,3058,1334813
27872,1.00000500679016,1,1,1.00000500679016,11468800,2139,2744,2584,3739,1189,4660,3093,2884,1654,791,2360,3970,985,2513,10110,18074,1191,2252,4343,2060,4570,4505,3607,6723,5784,6880,6110,3480,6917,6938,2378,1037,962,5895,1937,1802,8154,7571,400,384,1404,2097,5119,2479,3424,1931,894,1987,2979,1578,261,3969,2252,4944,1120,4890,900,1643,1242,1818,3062,803,1214,2821,2208,1404,3551,3307,2172,1081,2318,2110,9540,472,2199,1851,2808,2882,2748,5855,3062,3733,1208,638,2761,4263,719,3571,8770,19302,1289,2002,4753,2600,5145,3905,3874,6889,8776,5708,4748,2970,6582,5460,1126,652,753,4955,2379,1464,6846,8810,973,610,1882,3622,5494,2227,3164,2612,1236,1620,3136,1312,646,3183,2194,3682,1030,4105,1051,1822,1522,1776,3130,761,1065,2884,2999,1708,3007,2851,2841,596,2157,1694,9092,301,5834,4114,4479,1182,4168,921,319,5988,4030,4399,1118,4446,921,327,15041,6878,1490894
27934,0.99999064207077,1,1,0.99999064207077,11468800,2040,2224,1606,2235,1335,3486,2058,1891,991,473,2484,3022,514,2651,8011,12854,972,2035,4058,1592,3958,4809,2451,5307,3334,5015,5042,3560,4831,5028,1656,508,939,4235,823,1481,4831,5097,589,449,1414,2063,3942,2746,2418,1275,690,1616,1974,1877,311,3469,1757,3446,280,2967,1362,1371,1151,1155,3318,448,935,1945,2746,754,4271,1968,2225,766,1813,1063,7053,381,1385,1984,1618,1918,1640,3868,2759,2296,1087,527,2545,2125,1029,2054,6323,13182,913,1727,3470,2201,3184,4433,2802,5392,6951,4126,4483,3111,5537,4977,1192,482,652,4499,1617,1323,4304,5613,484,253,1875,4300,4353,2334,2994,1595,821,1376,1693,1451,709,2551,2529,3620,733,3754,1151,1244,789,999,2475,604,991,2165,2740,1470,2182,1904,1984,110,1768,1246,8551,520,5372,3104,3781,1091,2154,637,290,5459,3260,3702,1017,3828,977,283,3256,2633,1192767
27960,1.00000607967377,1,1,1.00000607967377,11534336,1588,2596,2663,2781,1067,3488,1898,2222,1298,528,2287,3151,640,2669,6204,13264,734,1917,2952,2066,4413,4076,2381,4677,4637,5125,3368,3542,5342,4189,1739,305,819,4380,1314,1504,5139,5958,500,547,1303,2659,4729,2346,3520,1469,776,1835,2504,913,494,3199,1740,3316,548,2894,1289,1247,551,1528,3672,548,997,1774,2429,907,2768,1291,1570,1153,1369,1525,7495,281,1273,1690,2389,2169,1478,4135,2086,2019,1146,500,2215,2633,764,2383,6445,12854,899,1627,4220,2435,3599,4195,2287,5312,5366,5298,3500,3514,5323,4375,1509,315,1006,3674,1072,1177,5407,6809,538,225,1739,3546,4412,2173,3129,1951,890,1781,1794,1295,675,2294,2252,2868,377,3713,1131,1448,808,874,2930,366,1113,1811,2415,1459,2405,2454,1543,177,1332,1783,6481,289,5924,2933,3806,1148,3916,989,294,5481,2978,3789,1191,4025,1018,305,6769,6322,1264893
27974,1.00000143051147,1,1,1.00000143051147,11534336,2023,1863,2375,2217,1458,3281,2590,2099,921,385,1798,2922,643,2103,7277,13281,1074,1782,3319,2268,3340,3848,2696,4517,4595,5698,4427,3454,5466,4850,1701,867,1221,4989,1155,2144,6438,4817,429,338,1480,2195,4949,1631,3438,1349,806,1920,2691,2059,450,2203,2569,3985,743,3497,1085,1213,1366,897,2564,417,1316,1936,2006,1163,3106,2228,1349,944,1255,1067,6466,498,1756,1991,2251,1676,2367,4015,3145,2418,1143,482,2267,2087,904,3255,5463,12919,1023,1718,3577,2253,3164,2986,2795,5541,4950,4730,4423,3067,5682,4349,1229,623,665,4229,1872,1303,5139,6628,545,324,1607,3565,4799,2070,2950,1578,935,1366,1874,1507,541,2599,1935,3313,577,3036,802,1541,700,1150,2196,572,1005,1829,1689,1806,2317,2024,1788,429,1524,1610,9339,409,5364,3196,3771,1062,3201,654,378,5112,3263,3635,1064,3429,689,348,3853,3980,1213174
28982,1,1,1,1,11468800,1774,2365,2315,2856,1268,4385,2344,2837,1575,510,2429,3765,740,2821,9199,15961,908,1656,3464,2291,3419,3916,2407,5990,5101,8572,7311,3125,5817,7128,2186,199,1061,5540,1767,1967,6590,8669,407,399,1529,2516,4279,2512,2531,1383,928,2070,2792,1368,493,4396,2247,4288,581,5125,1263,1547,996,1083,3319,583,1469,1965,2421,1087,3735,2531,1860,935,1931,2233,7229,477,1936,2371,1743,2386,2620,5026,2640,2786,1651,387,2400,3533,915,3816,9084,13599,1159,1736,4632,2479,3338,3625,2285,6213,7601,7125,5246,3048,5658,7128,1310,591,811,4233,1343,1802,6093,10067,574,457,2021,3805,6071,2350,2662,1686,983,1534,2062,1363,775,3850,2984,4169,423,4987,1143,2114,948,826,2711,729,1239,2284,2970,1432,2985,2431,2224,568,2366,2220,8608,398,5719,3555,3734,1156,3716,816,360,5603,3629,3742,1132,3843,995,416,6576,5895,1310331
29096,1,1,1,1,11534336,1438,2466,2355,2537,1406,4137,2255,2322,1291,564,2317,3206,739,2271,6963,13195,1125,1992,4435,2155,4058,3421,3703,4826,5359,6153,5972,4369,4788,5712,2093,425,949,5039,1265,1426,5064,6331,346,462,1427,2243,4899,2826,3352,1409,749,2303,2843,1666,485,2885,1370,3679,390,3655,1102,1695,480,963,3163,472,1000,2108,3438,1444,4555,1692,1592,773,1620,1951,7746,508,1857,1936,1967,2696,2384,4795,3409,2742,1258,531,2348,2687,759,2102,6136,13957,1096,1590,4309,2759,3490,3206,2327,5350,5154,6550,4875,3090,4851,5960,1488,563,774,4171,1868,1359,5071,8358,609,276,2066,3606,5251,2557,2419,1773,970,1636,1906,1859,794,2270,2056,2919,531,3875,516,2372,1336,1373,3300,660,1162,2315,2792,1832,3744,2298,2252,455,2730,1626,9150,480,5382,3769,3889,959,3745,910,298,5593,3550,3929,874,3673,898,331,4184,2844,1242921
29332,1,1,1,1,11534336,2011,2659,2354,3480,1245,4558,2166,2051,1346,735,3000,3772,861,2952,11371,19991,1033,2127,5185,2005,4636,4573,2821,6024,6228,6607,7555,4161,6694,6418,1939,367,1245,6921,1666,1634,7674,10206,391,394,1555,3107,5972,3613,2824,1428,904,2463,2656,2329,333,3728,2227,5385,840,5377,1589,1838,1491,1410,3284,335,1500,2278,2749,1296,3708,2434,2296,1015,1938,2352,9461,576,2027,1978,1930,3678,3010,5834,2839,2732,2059,656,1797,3090,586,1712,11329,17215,1076,1600,5190,2510,5430,5755,3702,7047,6367,8186,6769,3332,6773,6051,1433,418,834,4757,2491,1549,8144,11226,406,206,2078,4221,6006,3026,3245,2499,1238,1836,1675,1635,448,2609,3613,4192,1082,3745,1621,1969,1532,1963,4214,459,1404,2562,978,1900,3657,3450,1893,269,4317,2447,10339,556,6458,3166,4128,950,4434,903,392,6386,3105,4011,945,3948,1020,433,11778,11449,1444033
31730,1,1,1,1,11534336,1896,2447,2420,3053,1490,4566,2605,2077,1512,501,1831,2755,624,2679,9831,13818,1094,2040,3724,2339,3928,4074,2534,4816,4671,6103,5208,3659,4963,5392,1693,488,782,5227,1689,2140,4677,7111,446,474,1318,2230,5046,3325,2815,1259,737,1686,2262,1468,755,3110,2253,4686,175,4644,1462,1629,1078,1354,3031,419,774,2331,2943,1009,2998,1978,1945,1183,1539,2365,7698,561,2042,2269,1826,2723,1481,4183,2715,2796,1564,450,2341,2590,433,2644,9685,14313,885,1844,3204,2443,3529,4047,2210,5233,6873,5397,4223,2399,5148,5110,1027,707,551,4755,1707,1878,5017,6792,654,208,2360,3579,5348,2627,2567,1722,1044,1602,1989,1558,929,2343,3208,4658,380,4621,903,1876,705,1007,3402,395,1012,2510,2876,1638,2316,2538,1323,613,2423,1405,8781,413,5962,3500,4449,1072,3672,840,355,5362,3481,4552,1054,2196,676,311,3656,3498,1198852
32159,1,1,1,1,11534336,1813,2021,2336,3106,1685,4808,3147,2747,1360,445,2345,2766,507,1805,8610,16129,1022,2327,4099,2292,4922,4579,4694,6060,4425,7590,5553,3416,6168,4894,1874,682,925,5381,1457,1866,6858,7796,587,490,1941,2519,5520,2777,3454,1457,834,2763,2603,1653,478,2474,1704,4863,277,3792,1982,1398,1384,2101,3360,518,1169,1910,2842,1596,3578,1973,1903,889,1374,1669,7713,636,1782,1544,2091,3556,2129,5849,3275,3091,1103,437,2149,2553,862,1897,8346,17019,1249,2063,4398,2691,6084,4237,3319,6264,7438,5918,3918,3151,5588,3614,1528,469,805,5161,1889,1352,4924,9744,563,263,2276,3903,6270,2745,3234,2014,1606,2105,2217,1588,563,2476,2954,4364,839,4216,1050,1405,1048,1756,2906,598,1208,2471,3163,1759,2267,2311,2042,338,1703,1813,9466,618,5950,3374,4800,1226,3606,764,438,5767,3274,5089,1180,3684,814,430,1400,1300,1256457
32231,1,1,1,1,11534336,2623,3047,3093,3400,1552,4643,3198,2934,1496,573,3720,3132,696,2649,13234,18171,1334,2310,6205,2830,4039,6091,3208,6309,6062,8390,7704,5579,6975,7409,2011,938,1285,5618,1818,2549,7038,9323,505,352,1763,3005,6334,3761,3722,1450,850,2349,2892,1969,732,3586,2859,5528,462,4677,1793,2338,971,1625,4174,443,1415,2680,4051,1123,5655,2184,2406,1615,1984,2406,9440,585,2159,2094,2634,2838,2876,6494,3434,3189,1089,989,2961,3546,1376,2721,9386,17336,1178,2247,5532,3995,5366,5270,3796,7495,7694,7994,5736,4432,7026,6498,1515,817,937,5583,1827,1014,5741,9493,503,277,1823,5346,5145,3444,3317,1864,1380,1980,2364,1693,904,3397,3861,4692,522,5649,1362,2435,966,1440,4279,582,1312,3009,3398,2004,4614,2393,2566,643,1342,2458,9058,479,6803,3764,5487,1436,3946,1196,488,6600,3990,5170,1330,3547,1179,454,8429,8311,1574617
32310,1,1,1,1,11534336,1640,2493,2295,3004,1607,4316,3114,2302,1300,497,2568,3042,864,2777,8803,16864,1010,2167,4413,2077,4442,4544,2498,5473,6867,5910,6357,3940,5237,6356,2064,478,802,5683,1609,1649,6906,6506,431,446,1568,2246,3990,2865,3174,1575,835,2078,3024,1663,373,3158,2000,3711,363,4233,1474,1704,877,1518,2982,404,1048,2827,3087,870,3473,1604,1698,927,1987,2159,9771,472,1725,2768,2335,3173,2328,4363,2689,3185,1630,919,3197,3203,1223,2319,7985,15386,919,1633,4950,2851,3657,4231,3310,5990,5607,5798,3976,3298,4765,5166,1344,969,641,4746,1382,1218,4937,6286,548,350,2046,4104,5116,3277,2991,2253,1021,1421,2364,1512,864,2759,2076,3651,472,4000,1093,2217,1422,1176,3059,667,1159,2447,2953,2609,2779,1869,1441,681,1647,1335,8152,392,5718,3682,4465,1336,3327,851,346,5659,3553,4298,1276,3410,842,427,7218,6227,1311596
32436,0.999997556209564,1,1,0.999997556209564,11468800,1326,2546,1737,2936,1490,3072,2211,1895,897,388,2118,2645,539,2359,6227,14090,1090,1931,3638,1861,2912,3032,2529,4927,4583,6191,4711,2907,4951,4628,2006,612,1163,4502,1514,2062,5606,4952,421,355,1642,2211,4806,1860,2731,1225,632,1699,2600,1471,318,3108,1648,4512,845,4118,761,1694,905,1066,2468,492,967,2415,2002,753,2954,2282,1525,942,1215,1023,6697,529,1977,1647,1642,1946,2323,3805,2332,2357,1482,556,2184,2086,840,1915,6473,13337,1227,1691,3677,2496,2506,3208,2535,5659,4643,5123,3418,3289,5476,4843,1379,439,653,3890,1524,1180,4591,7052,396,174,1883,3226,5409,2041,2541,1572,928,1810,1901,1430,484,1855,2531,3280,266,4044,1086,1668,1052,1201,2097,340,948,2225,2001,1330,2876,2418,2353,419,1793,1588,7189,312,4882,2939,3108,971,3469,981,334,4643,3092,3112,1038,2701,1027,315,5565,5742,1200276
32756,1,1,1,1,11468800,1754,3058,3007,2490,1338,3341,2936,2674,1431,482,2527,3154,736,2326,8545,15093,835,1875,3917,2374,3746,3830,2614,5443,4832,6204,5687,3135,4508,6340,1913,552,854,5034,1456,1627,5697,7137,356,417,1300,2322,4631,2349,2597,1813,655,1967,2298,1563,393,2908,1756,3408,294,4272,1119,1738,702,1337,3375,577,1048,2248,2163,1313,3407,2009,1255,1115,1344,2057,8079,378,1445,2072,1788,2469,2113,3983,2466,2542,1122,520,2674,2456,660,2341,7660,14789,914,1628,4064,2312,3845,3883,2258,6325,5402,6393,3688,3043,5018,5003,1318,636,792,4545,1651,1425,5620,6286,440,358,1935,3840,5952,2431,2887,2198,943,1699,1987,1194,709,2153,3334,4057,490,5303,905,2315,893,1222,3213,440,1198,2465,3168,1420,2947,2153,2140,329,2415,1433,7811,518,5252,3213,4146,1097,3689,803,327,5171,3181,4167,1100,3609,817,277,3694,3883,1237498
32907,1,1,1,1,11534336,2109,2294,2390,2453,1379,4200,2692,2063,1332,310,2068,3170,829,2771,9379,14934,1067,2368,3576,2241,3744,3142,3220,5417,4686,6241,4548,2980,4938,4791,2130,418,744,5356,1424,1897,5439,6972,512,731,1520,2179,5517,1788,2942,1654,1056,2365,2864,1666,330,2886,1676,3264,396,3073,1111,1696,841,1320,2862,543,1062,2036,2500,1004,3906,1952,1513,730,1313,1726,7356,510,1778,2303,2105,2291,2354,4044,3050,2778,1165,451,1970,2908,687,2118,9794,13098,1347,2029,3325,2993,3589,2983,3409,5639,5353,5986,4555,3050,4827,3713,1174,718,666,4886,1722,1065,5560,7987,710,310,1839,3307,5615,1729,3174,1832,1211,1563,2390,1230,727,2903,2736,4117,393,4484,538,2286,792,1423,2833,590,1063,2223,3534,1405,3152,2426,1512,186,1723,1699,8270,493,4801,2954,3628,977,3618,1202,296,4849,2869,3256,962,3737,1181,314,7438,7597,1302771
33789,1,1,1,1,11534336,1584,2829,2285,2383,938,3334,2180,1942,951,433,2542,3040,669,2330,6306,13464,693,1789,3977,2408,2698,3857,2265,5081,4113,4366,4628,2892,5210,4242,1865,480,810,4460,1221,1077,4160,5730,362,181,1165,2929,4330,2488,2675,1248,722,1793,2122,1399,455,2437,2549,3331,472,3040,1685,1084,1030,680,2554,375,965,1921,2221,736,2450,1888,1732,807,980,1194,6310,455,1544,2494,1909,1800,1761,4035,2692,2259,1076,481,2165,2486,794,2502,5239,13435,811,1510,3682,2749,2797,3453,2389,5592,6450,4479,3690,2553,5007,4421,1130,500,598,3746,1396,1018,3770,5904,586,350,1973,4213,4241,2237,2482,1599,850,1553,1719,1268,507,2862,3011,3052,475,3426,1380,1355,924,1007,2682,399,873,2084,2564,1141,1923,2081,1808,233,935,1018,8262,325,5114,2641,3736,1055,3351,746,312,5208,2727,3698,1084,3370,759,299,1053,523,1103066
34273,1,1,1,1,11534336,1918,2527,2144,2092,1225,3892,2545,1802,843,435,1841,2915,781,1951,7510,12719,824,1671,3193,1980,2615,3850,2494,5031,4665,4706,3890,2890,5118,3710,1941,628,690,4251,1456,1754,5827,5715,362,524,1463,2313,5646,1853,3144,977,616,1811,2320,1621,258,3317,1503,3664,360,2525,878,1245,771,1031,2706,443,1103,1937,2213,1094,2706,2148,1842,981,1386,1637,6312,353,1665,1828,1693,2036,1780,4241,2622,2283,1046,465,1699,2203,1022,2128,6239,13737,948,2022,3262,2072,3104,3626,2264,5138,4824,3776,2896,2508,4716,3502,1413,363,660,3954,1241,974,5477,6162,704,269,1543,4161,4273,1865,2852,1467,851,1734,1764,1254,717,2603,3083,3073,290,3094,993,1375,614,1043,2099,450,1039,1973,2189,1463,1829,1801,1510,433,1147,1204,7011,304,4990,3274,4193,1158,2349,830,403,4736,3172,4223,1114,2270,836,338,4582,3822,1165792
34359,1,1,1,1,11534336,1655,2737,2354,2479,1089,3114,2340,1849,1190,298,1714,2854,515,1815,7740,13640,926,1844,3909,1847,3403,3486,2755,5865,4986,3928,4231,4178,5256,4256,1821,547,899,3879,1185,1549,4424,5973,360,329,1374,1939,3974,1977,2634,1376,778,1555,2128,1372,423,2609,2248,3772,277,3097,845,1627,578,1464,2504,395,823,2416,2088,857,3348,1996,1774,680,1257,1132,7269,447,1566,1706,1652,2587,1763,4090,2186,2084,876,475,1839,2340,536,1796,6556,13077,911,1341,3825,2831,3652,3201,2943,5591,5927,4858,3299,3301,5126,4209,1427,477,705,3473,958,1101,4639,5555,337,248,1882,2887,3408,1751,2250,1676,843,1595,1621,1069,685,2469,3183,3255,785,3146,773,1710,919,1191,2475,471,1014,2227,2624,1138,2000,2245,2202,853,1458,967,7854,323,4783,3249,3809,1046,3071,676,308,4783,3242,3554,1105,3020,644,321,12325,10084,1180909
34437,1,1,1,1,11534336,2752,3081,3544,4043,1622,5985,3291,3806,2722,886,3250,4388,1091,3760,13271,18846,1330,2626,5734,3152,4876,6017,3289,7330,7493,8558,7028,5728,8350,7510,2342,771,1098,6848,1720,2317,7186,8714,502,661,2086,3492,6008,3966,3715,2336,1250,2971,3153,1980,501,4461,4068,7076,1361,4866,1969,2680,882,1149,4867,904,1109,3442,3324,2944,5702,2924,2513,1478,2510,2857,11781,701,2164,2271,2696,3638,2193,7072,4250,3638,2387,1026,3028,2745,1124,3397,15380,18637,1313,2380,6928,3155,6294,6078,4453,8157,6885,9228,5744,5022,8040,7533,1805,451,1232,5847,1657,2180,6810,9207,598,594,3007,5186,5265,4028,3488,2854,1633,2493,1977,2313,638,5156,4280,5173,560,4690,2035,2668,1105,2063,3603,1165,1012,3333,3087,3307,5140,3588,2697,617,2592,2317,10060,551,7001,5306,5669,1720,4559,1088,455,7059,5272,5449,1654,4669,1142,405,7569,6807,1721567
34563,1,1,1,1,12189696,1923,2719,2496,3146,1774,4283,2554,2948,1849,601,2108,3717,740,3744,8720,16399,1314,2149,4549,2364,4026,3769,2954,6076,6552,7557,6180,3748,5999,6986,1932,1498,1144,4801,1614,1885,6896,6819,489,403,1580,2617,4982,2303,2878,1695,1046,1907,2835,1351,562,3488,1988,4283,385,5062,1499,1344,1305,1821,3216,693,1335,2557,2141,1304,3993,2607,2150,856,2485,2446,8106,320,1382,1954,1859,2874,1920,5027,3203,2594,1596,527,3242,3115,910,2833,8016,16322,1283,2433,4987,2337,4421,3943,3274,6966,6686,5851,6159,3533,6462,7156,1551,1031,772,5056,2017,1986,7667,8381,434,150,1819,3537,5161,2505,2965,2035,1142,1534,2005,1675,636,4078,2859,4805,349,4983,1087,2009,948,1942,3243,1199,1468,2530,3089,1479,3365,2513,2142,377,2266,2120,9746,614,6018,4413,5430,1334,3215,1027,423,6324,3916,5421,1307,4896,1027,388,7560,8417,1596855
34736,1,1,1,1,11534336,1437,2423,2321,2454,1494,3914,2602,2016,812,402,2168,2845,574,2536,7263,13912,1235,1920,5030,2214,2965,3270,2236,5070,4167,6117,5269,3678,4570,4368,1687,783,838,3907,1505,1109,5415,6238,389,498,1413,2243,5171,2256,2658,2068,808,1675,2535,989,356,2648,1619,3727,131,3781,914,1513,923,590,2680,461,984,2029,2577,1327,3855,1744,1357,901,1603,1551,6130,291,1603,2470,1874,2608,2219,4347,2632,2500,1261,386,2163,2020,688,2139,6835,13463,1144,1583,5191,2380,2607,3755,2733,5858,4358,5424,4598,3748,4725,4256,1166,450,737,4584,1251,1137,5439,7289,318,276,1739,3632,4541,2225,2702,2185,1083,1764,1850,1458,602,2688,2179,2891,263,3272,1153,2083,628,835,2094,474,1074,2146,2282,1282,2829,2055,1295,747,1706,1380,7480,472,4846,2978,3607,1049,3381,1050,329,4609,2953,3451,1047,3684,1055,285,4647,6915,1101136
34826,1,1,1,1,11534336,1586,3462,2925,3203,1542,3790,3629,2732,1475,691,2028,3738,736,2399,9823,16936,1086,1937,4208,2041,4544,4300,2812,6736,6549,7026,5572,3460,5781,6538,2107,1507,825,4043,1342,1111,6576,7000,570,327,1631,2671,4712,3070,2954,2133,1067,2740,3138,1395,741,4244,2224,4727,759,4846,1338,1586,990,1546,3264,670,1104,2490,2936,1395,3309,2008,1998,832,1772,2342,7428,343,2096,3109,2326,2707,1916,4945,3309,3112,1441,738,3025,2883,754,3317,9577,15723,1300,1998,5780,2164,4577,4046,3517,6808,6910,7487,4423,3730,5670,6398,1510,1043,826,3488,1918,1120,5409,8430,656,406,2019,4242,5082,2735,3054,2214,1049,1883,2202,1362,646,3782,2695,4502,520,4617,1393,1851,750,1366,3202,748,1411,2426,3758,1910,3207,2984,1661,547,2162,1620,8293,394,5646,3310,4198,1320,2852,1056,409,5684,3300,4176,1313,4321,969,348,3814,3656,1310248
34926,1,1,1,1,11534336,1613,2324,2383,2349,1383,4853,2945,1813,1094,493,2107,3256,765,2597,7145,13719,909,1941,4043,1737,3617,2074,2831,5591,5548,6229,5614,2890,4651,5946,2046,527,773,3795,1366,1133,5841,5594,298,312,1175,2188,4379,1929,2626,1642,965,1878,2531,1593,250,2511,1561,3403,477,4356,1208,1140,827,1244,3109,475,1055,1956,2435,964,2920,1562,1817,747,2001,1554,7068,318,1310,1776,1794,2647,2091,4230,2759,2457,1187,452,2403,3366,550,2419,5473,15300,1201,1672,3875,2174,3480,3109,2667,5253,5805,4993,5010,2771,4687,5526,1714,382,656,4276,1439,1103,3669,5499,626,180,1906,3428,4380,1922,2430,1907,897,1295,2462,1112,426,2652,2297,4524,624,4603,1076,1697,807,1080,3570,450,1288,1999,3386,1249,2538,2130,1647,390,2248,1214,7926,499,5647,3639,4347,1309,3908,912,316,5751,3581,4231,1382,3983,952,368,4522,3440,1293115
35232,1,1,1,1,11534336,1593,1988,2017,3075,1265,3704,2607,2404,1001,308,2056,2989,705,1723,7159,12624,937,1867,4285,1872,4257,4431,2589,4472,4914,5357,4578,4663,5417,5543,1679,265,789,4824,1276,1581,4473,5560,397,217,1172,2484,4616,2651,3103,1556,748,1917,2356,1516,388,2442,1484,3962,267,3348,903,1107,1308,1122,2831,365,797,2219,2179,951,3858,2272,1477,885,1297,487,6538,447,1272,2515,2354,2635,1982,4838,2734,2345,1075,346,2348,2617,620,1451,6616,11999,1250,1679,4129,2168,4378,3785,2932,4757,5562,5343,4720,3390,5424,4343,1151,514,833,3949,1666,1146,4888,6736,454,350,1654,3503,4314,2599,2700,1765,784,1700,1664,1078,544,2088,3177,3100,493,3685,946,1373,1018,1122,3014,427,966,1935,2990,1301,2994,2513,1788,355,1358,1354,7434,371,5178,3640,4021,1181,3220,782,338,4950,3668,3888,1171,2260,863,354,5434,3486,1174129
35272,1,1,1,1,11534336,2439,2693,2781,3336,1590,5327,3000,2718,2116,793,2704,3918,802,3489,10134,17954,836,2382,4105,2150,3684,4626,2565,6206,5517,8092,8711,3142,6387,8452,2857,1499,885,5180,1690,1897,7463,8279,622,537,1727,3242,7175,3716,2968,1826,1071,2223,2506,1129,481,3506,2277,4889,401,5111,1550,1908,1058,1850,4008,620,1355,2297,3038,1710,4361,2145,2060,893,2538,2638,8934,437,2637,2097,1817,2362,2693,6485,3613,3218,1854,912,2826,3663,840,2649,9794,16753,1190,2352,5361,2387,3523,5600,3606,6905,7181,7496,6377,2725,6030,7438,1564,676,946,5184,2012,2480,5673,9661,1120,446,2374,4167,6071,3355,2672,1983,1270,1996,1947,1144,940,3050,3766,5343,345,6914,1243,2802,990,1570,3848,828,1272,2769,3573,1587,4442,1990,2869,640,2795,2397,10393,565,6296,4376,4751,1291,1929,1081,438,6285,4422,4539,1318,4002,1037,433,6926,4556,1380216
35353,1,1,1,1,11534336,1578,2392,3422,3045,1251,5415,2859,2150,1389,603,2317,3028,813,2792,10038,18352,883,2379,5025,2219,4941,4422,3342,6250,7025,6952,7297,4181,7234,7162,2343,845,1668,6530,1601,1802,6036,6889,441,542,1647,2486,4948,3228,3443,1866,1044,2582,3193,1780,650,3122,3001,4869,369,5602,1340,1752,808,1713,3486,730,1137,2996,2784,1151,3643,1654,2368,1363,2252,2320,9322,518,1730,2705,2649,2457,1782,6170,3324,3223,1433,623,2393,2848,1315,2636,8528,18965,1347,2105,5273,4010,4349,4440,3382,6761,7931,6428,4541,4462,7001,6678,1191,977,1048,5478,1445,1346,6932,8398,579,553,2117,3730,5491,2872,3362,1788,1102,2220,2377,2094,538,3265,2872,4424,436,4363,1073,2566,1365,1206,3184,508,1277,3041,3778,1945,2831,2362,2087,318,2817,2329,10453,565,6510,4022,4622,1369,3133,837,498,6217,4033,4375,1329,4040,924,346,7381,5453,1380587
35495,1,1,1,1,11534336,1688,2255,1945,2433,1322,3866,2117,2110,1520,469,1905,2667,611,2342,7863,13464,749,1704,3144,1970,3340,3238,2664,5526,4462,6874,5848,2674,5261,4927,2068,420,868,4519,907,1967,5978,5000,536,64,1671,2153,5285,2066,2678,1343,804,2015,2616,1603,426,2382,1587,3109,883,4086,770,1332,749,1225,2659,511,1101,1670,2040,870,2741,2106,1599,1115,1332,1476,6237,279,1575,1520,1527,2764,1904,4185,2567,2337,1216,613,2442,2724,676,1755,7018,14250,1003,1372,3142,2685,2766,3887,2309,5288,6194,4116,3544,2770,4663,4745,1530,477,605,4014,1508,1238,6032,5952,495,134,2071,2980,5741,2316,2773,1352,856,1674,1877,1252,490,2310,2905,2937,377,4066,741,1527,676,907,2718,250,1083,1914,2745,1499,1635,2278,1519,523,1574,1621,7292,438,4989,3342,3676,1058,3240,932,326,4928,3267,3683,1032,3174,874,351,4766,4316,1124733
35538,1,1,1,1,11534336,1631,2161,2386,3014,1291,4134,3422,1949,1241,591,2552,3111,824,2915,7605,15357,874,2164,3253,2849,4100,3344,2495,6802,3860,7063,6116,3422,4768,5707,2172,334,1066,5295,1640,1892,4832,6538,498,489,1717,2750,5556,2616,2850,1197,1099,2428,2676,1134,350,3661,1519,4219,755,3144,966,1492,769,1241,3158,700,918,2346,2807,987,3202,1817,1557,848,1593,1303,7131,393,1829,1561,2089,2612,2517,5727,2952,2796,1680,625,2334,2638,1264,2618,8073,14779,1208,1706,4052,2662,4683,3497,2573,6591,6928,6631,6015,2482,4627,5625,1710,410,722,4350,1877,1207,3214,7252,611,407,1789,4137,6945,2922,2518,1402,1213,1746,2212,1258,660,2581,3542,3768,760,4752,1072,1493,952,1309,2938,489,829,1987,1929,1868,2422,1647,1801,388,1939,1357,7369,498,5605,3341,4303,1199,3833,779,370,5604,3733,4041,1254,3979,745,253,4920,4257,1324122
35557,1,1,1,1,11534336,1910,3408,2756,2941,1305,4224,2548,2138,1411,607,2367,2879,696,1566,7708,16274,1098,1985,3357,1910,3330,3415,2626,5093,4927,6184,4550,4246,5625,4464,1751,772,1189,4989,1473,1770,5758,6165,477,399,1336,2858,4216,2365,3098,1437,827,1747,2555,1766,320,2683,3423,4898,740,2959,1690,1362,831,1874,2487,817,869,2656,2410,1058,3554,2648,1493,634,1612,1476,7812,414,1848,1812,2192,2646,1992,4474,3219,2465,1261,672,2799,3111,589,1810,8129,14599,1124,1776,5113,2519,4068,3578,2925,6050,5526,5616,3998,3323,5692,5553,1109,554,817,4286,1378,1379,5627,7214,612,237,1787,4178,4692,2472,2967,1877,1057,1415,2150,1639,617,3246,3962,3992,785,4003,1413,1855,931,1477,2775,570,1117,2602,2711,1361,2977,2269,2186,191,1783,1587,8184,397,5556,3257,3870,1099,3649,857,267,5725,3244,3821,1055,3620,877,300,4667,4448,1327452
36144,1,1,1,1,11534336,1615,2292,2131,2387,1454,4289,2910,2485,970,394,2404,3104,482,2618,8214,14632,733,1839,3418,2392,3611,3309,3058,5101,5205,5082,5408,3104,5630,4658,2176,463,924,4564,1185,1032,5526,4967,448,314,1352,2420,4230,2191,3419,1446,713,2237,2206,1199,507,2987,1546,4065,387,3996,1020,1267,1062,1041,2800,560,713,2044,3033,994,2566,1696,2197,867,976,1078,6083,415,1587,1728,2083,2055,2181,4882,2722,2578,1102,722,2962,2997,983,2128,6432,14311,736,1465,3407,2704,3195,3453,2948,5562,5256,4807,4622,2537,5905,4693,1389,401,798,4454,2147,1211,5443,5823,504,278,1817,3620,5345,2317,2478,1697,847,1778,2001,1912,595,2866,2811,3244,500,3688,1058,1387,1024,1053,2583,644,679,2284,3567,1735,2512,2503,1517,744,1608,1152,6660,341,5782,3210,4815,1257,2696,740,323,6213,3186,4822,1266,2534,855,337,2181,1681,1204326
36207,1,1,1,1,11534336,1791,1779,2242,2644,1399,4915,2521,2326,1375,599,2442,3361,769,3801,10199,15471,1103,2265,4453,2703,4184,3697,2991,5803,4742,6513,6199,3207,6025,6110,2205,511,821,5925,1765,1604,5647,8826,612,614,1317,3017,5283,2955,3161,1579,945,2465,2529,2108,313,4162,2071,4192,372,4637,1766,1692,449,1054,3066,522,1079,2729,2430,1482,4400,1897,1687,1029,1383,2239,7283,395,1412,1939,2007,2279,1241,5219,2901,3189,1218,653,2640,2765,901,2548,9106,14719,981,1786,4980,2481,4487,4167,2204,7778,5069,6964,5585,3179,7092,5851,1733,742,606,4101,2037,1314,5456,7893,530,440,1831,5027,5129,2917,3518,1668,1126,1689,1790,1596,672,3213,2836,3231,1173,4204,1646,1857,774,1403,3491,1191,1381,3326,2403,1547,4224,3280,1709,578,1464,1727,8449,264,5820,3247,4539,1344,3991,1092,432,5567,3226,4197,1258,3958,1088,382,6273,6671,1376246
36387,1,1,1,1,11534336,1640,2463,1724,2560,1506,4195,2569,2057,606,284,1761,2935,627,2049,7107,13347,999,1351,3168,1943,3549,3281,3128,5011,4504,5286,4189,2540,4867,4261,1852,654,1126,4642,1357,1606,5968,5014,274,239,1425,2143,5201,2051,2086,1293,632,1910,2016,1766,207,2882,1412,2285,458,3548,956,1159,427,1420,2414,445,711,1226,2154,936,2805,1240,2364,1021,1257,1153,6693,542,1723,1818,1733,2280,1978,4364,2828,2209,801,451,1902,2218,938,1993,5677,13639,943,1037,2960,2301,2644,3393,3227,5738,4872,6417,3538,2498,4731,3510,1519,398,603,3702,1621,1143,6119,6254,551,229,2026,3456,4740,1819,2067,1763,837,1357,1782,1975,813,2222,3987,3146,405,3155,797,856,884,1052,2391,360,581,1838,2232,1502,2534,1755,1833,824,1343,1641,6734,396,4998,2712,4115,1174,3019,1060,313,4971,2760,3993,1154,2891,886,310,2837,2395,1061715
36487,1,1,1,1,11534336,1980,3137,2236,2746,1490,4170,2755,2143,1143,581,2214,2539,652,1823,9680,18161,827,1822,3879,2578,3940,3675,3154,6719,5060,5698,5931,4351,6433,5621,2150,620,1316,5255,1440,1557,5759,8587,414,441,1534,2906,6415,2759,3344,1390,787,2434,1816,1756,498,2885,2779,4563,365,3500,1989,1432,1111,1009,2767,815,1178,2363,2913,756,3534,2427,2129,1232,1119,1289,8818,502,2391,2232,2706,2288,2430,5017,2718,2544,972,520,2814,2636,776,1804,8781,16516,1120,1629,5312,2922,3484,4460,3774,6433,6009,4436,3889,4466,5965,4320,1282,592,666,5227,1636,1318,6247,6784,413,231,2042,3356,4909,2911,3553,1961,896,2115,1545,1781,1109,2191,4098,4965,958,3595,1689,2048,1244,1312,3034,627,1216,2542,3226,1653,2861,2842,1217,867,1569,1290,8995,299,5579,3919,4564,1178,3970,790,312,5468,4199,4473,1266,3632,996,306,5678,5169,1319524
36664,1,1,1,1,11534336,2134,2634,2328,2378,1257,4480,2362,2324,1392,338,2049,2662,538,2981,9800,16355,1172,2274,4820,2145,3103,4882,2763,5723,4970,6177,6294,3049,5100,6192,1716,641,1073,5071,1714,981,6635,6552,606,598,1278,2185,5550,2801,2492,1636,895,1704,2648,1276,446,3340,2040,3799,143,3591,1223,2067,1239,1423,3341,343,1441,2151,2621,996,3153,2117,1705,895,1351,1124,8719,570,1759,2220,2028,2547,2393,4638,2930,2429,1539,787,2865,2785,1313,2520,8882,15877,1066,1874,5153,2843,4327,4312,3311,6233,4142,6492,4949,3190,4788,5572,1168,458,807,4474,1353,1466,6799,7568,612,257,1952,4302,5955,2799,3014,1435,1044,1496,2195,1139,507,2718,2031,3413,409,3954,1137,2019,545,1600,2872,663,908,2509,2848,1633,3089,2718,1876,165,1752,1747,9120,499,5489,3550,4674,1276,3599,794,329,5460,3757,4620,1175,3586,872,323,5374,3691,1295607
36866,1,1,1,1,11534336,3081,3116,3694,4173,2505,6552,3491,3545,2027,493,2828,4646,917,4017,13442,22765,1420,2327,5467,3768,5237,5846,3678,7045,7953,9139,7876,5103,7996,7392,2408,1086,1375,7532,1985,2402,7730,11239,579,580,1989,3341,7438,3579,4509,2214,1117,2172,3049,1817,587,3763,3201,5354,1248,5480,1990,1551,769,1425,5535,596,1222,2728,4193,1918,4578,2735,2077,1452,2071,2691,9628,714,2274,2215,3757,3479,3743,7047,4511,4773,1414,674,2942,3718,981,3988,15957,19874,1231,2051,6297,3355,5944,5403,3958,7398,9186,7625,6160,4765,8999,6774,1530,900,1026,6600,2709,2432,7348,11009,812,674,2518,5830,7041,3148,4233,2860,1157,2318,2428,1928,704,4026,4929,4907,840,6787,1300,2272,1442,1804,4460,629,1411,2741,3813,2748,3405,2671,3166,1025,2275,2234,11358,551,6702,4963,4910,1506,4878,1041,402,6939,4866,4964,1475,4869,1098,376,14968,14739,1663344
36966,1,1,1,1,11534336,1429,2588,2587,3016,1184,3926,2463,2271,1272,788,2538,2805,1008,3118,7745,13901,1039,2071,4238,2461,4360,4307,2678,5153,4105,4772,4517,3439,5442,5088,1778,684,831,5129,1172,1523,6014,6347,413,418,1323,2427,4691,2855,3466,1711,941,2273,2689,907,498,3183,1783,3662,280,3623,1541,1199,1278,857,3067,490,960,2401,3013,933,3473,2149,1768,869,1265,2249,6321,409,1521,2382,2103,2405,2518,4005,3261,2884,1424,748,2173,2571,891,2679,5464,14400,999,1849,4465,2579,4051,4216,2732,5265,4488,4427,4373,2256,4805,4539,1217,550,619,5131,1382,1320,6142,5564,569,302,1592,3551,4618,2623,2916,1617,845,1928,2068,1319,583,2511,3093,4045,696,3999,1402,1184,1281,827,2760,578,1308,2162,2837,1687,1888,2431,2158,733,1763,1382,9542,377,6073,3767,4208,1313,3857,1070,293,5994,3568,4070,1356,3912,1148,296,8120,8138,1305945
37117,1,1,1,1,11534336,1878,2260,2400,2678,1467,4124,2333,2733,1529,626,2055,3537,609,3569,9071,19307,1047,1973,3914,1850,4492,4254,2705,5665,5054,8962,6242,3209,6526,5305,2066,449,807,4620,2033,2202,7027,7635,558,451,1776,2479,4930,2640,2607,1613,1186,2073,2461,1666,415,3045,1810,5546,642,5213,2014,1755,844,1883,3631,349,1192,1775,1978,1079,3756,3002,2280,1242,1629,1887,7430,487,1884,2038,2098,2726,2754,4833,3418,2587,1385,742,2587,2682,927,2048,7528,18046,1192,1998,3790,3019,4189,4569,2572,6902,6269,7204,4959,3157,6653,5542,1174,591,793,4142,1607,1415,6439,7224,441,349,1876,3478,5826,2276,3162,1740,1029,1746,2203,2233,927,2622,3429,4358,896,4093,1139,2313,839,1334,3330,701,851,2395,3263,2047,2828,3280,2254,507,2101,1699,9506,388,5967,4041,4374,1101,3934,836,443,5878,3917,4174,1150,3937,875,331,5071,4928,1379102
37130,1,1,1,1,11534336,2005,2223,1913,2289,1262,4137,2518,2319,1049,395,1945,3087,760,1861,9959,14307,878,1865,3636,2237,2742,3707,3314,5544,5302,6009,4564,2975,4768,3998,1877,430,818,4723,1441,1154,7300,6902,302,260,1232,2185,5405,2396,2737,1586,781,1923,2476,1811,621,2954,1952,3827,284,3433,1032,1598,1094,720,2844,402,798,2034,2277,1125,3419,2360,1283,1030,1561,1550,7675,384,1947,1856,1759,2113,1860,4143,3090,2574,1373,705,2178,3357,688,2000,9730,14268,1177,1493,4314,2324,2885,3693,3570,6830,6047,5565,3808,2513,4923,4497,1462,506,553,4271,958,965,6270,5911,572,252,1657,3138,4664,2284,2382,1994,844,1794,1847,1856,690,2724,2144,4157,504,3799,775,1755,1576,1174,2420,482,1121,2096,2376,1575,2227,2574,1302,590,1723,1354,7070,521,5498,3515,3992,1034,3979,922,401,5221,3693,3874,1041,2518,892,318,7216,4602,1184813
37149,1,1,1,1,11534336,2274,2851,2603,3284,2030,4992,4031,2590,1444,515,3011,3750,839,2420,10949,16575,829,2349,4868,2235,5190,3630,2874,7643,5870,6667,6663,3921,6904,6093,2197,808,983,6495,1927,2218,7307,6749,446,381,1530,3024,6181,2803,3063,1749,1025,2402,2898,1730,714,3196,2710,5341,842,4208,1582,1924,948,1386,3080,635,1531,3160,2515,1434,3730,2755,1503,1388,1841,1584,9268,564,2074,2207,2033,3405,2538,6054,3990,3203,1519,773,2683,2541,1142,3007,10447,17583,1047,1769,5276,3193,3276,4974,3262,7689,6205,5628,5145,3106,5955,6159,1373,901,1020,5588,2075,1525,6654,9136,505,314,2553,4209,6586,3623,3076,2099,1197,2185,2179,1438,1080,3118,3386,4738,549,4968,1485,2066,1325,1677,3498,473,1148,2851,3435,1941,2638,2754,1809,579,1635,2108,9938,488,6379,3622,4831,1289,3630,947,491,6197,3672,4498,1202,3766,1034,380,3010,2337,1371085
37289,1,1,1,1,11534336,1808,2804,2726,2897,1598,3527,3239,2773,1279,654,2861,2707,882,2350,9300,17225,1147,2437,4820,2434,4510,3843,3571,6260,7140,6473,4748,3482,5935,6592,2022,917,1221,5508,1101,1674,6250,6935,464,415,1504,2846,4184,2568,3568,1565,1072,2335,3057,1607,492,2513,1464,4042,570,3486,1537,1666,1309,1516,2973,706,992,1777,2456,1259,2933,2245,2081,1056,1581,1964,7484,462,1754,1732,1705,2541,2431,4620,2865,2280,1688,675,2869,2519,660,1964,9060,16313,1239,2120,4868,2933,4372,4408,3563,7725,6377,5197,4406,3383,6812,5226,1663,535,714,4986,1465,1676,5020,7773,563,379,1933,5151,4189,3186,3517,1744,1287,1519,2140,1755,278,2366,2592,4648,362,3783,2019,2494,932,1300,2346,520,1148,2328,2833,1685,2996,2864,2026,278,2244,1645,8727,371,6662,3141,4621,1281,3962,793,351,6264,3031,4605,1250,4037,793,360,5663,5399,1454536
37348,1,1,1,1,11534336,1847,2557,3957,3256,1383,4812,3173,3790,1650,537,1437,4482,905,2887,7977,17764,1011,2189,4149,1768,3974,6067,3694,5916,6424,7229,3830,4343,6323,4610,1575,759,980,4894,2115,1365,6900,8462,487,361,1232,2369,5462,2836,3758,2220,1249,2614,2808,1234,522,3155,2250,3357,455,3854,2046,879,1596,1526,4200,533,1068,2175,1246,1813,3551,1641,1888,822,2451,3036,8614,405,1347,2373,2286,2585,2753,4976,2687,3386,1878,872,2766,2665,1018,3201,7122,16963,1066,1791,5925,2741,3926,5799,4441,6049,4814,7238,3280,4819,6274,3991,1123,611,877,4273,1818,1603,5016,8267,609,636,1468,4402,5088,2878,3888,2592,1296,1879,2319,1335,1107,2367,2180,3151,877,3501,1800,1932,1613,1185,3549,634,1413,2160,2038,1961,2630,1472,1951,528,2737,1729,9527,514,6157,3909,4735,1297,4471,1244,470,5765,3809,4702,1252,4429,1083,338,5063,6435,1518471
44784,1,1,1,1,11534336,1776,2099,1812,2399,1447,4214,2796,2349,972,463,2073,2698,464,2412,7717,13073,918,1635,3123,2149,3065,2816,2569,4862,4557,4869,5055,2842,5228,4121,1957,210,811,4686,972,799,5719,5026,466,272,1217,2491,4340,1863,3145,1309,589,1966,2064,1376,306,2325,1343,3363,934,3384,1019,1086,948,1218,2603,571,701,1782,2791,901,2380,1678,2022,951,962,1553,5792,295,1486,2080,1797,1870,1800,4601,2709,2394,1080,654,2514,2690,1117,1910,5912,13082,737,1308,3135,2758,2966,2931,2411,5172,5210,4465,4514,2455,5501,4156,1505,360,822,4183,1822,1051,5635,5920,466,320,1601,3068,4797,2023,2375,1427,856,1620,1928,1856,554,2579,2486,2935,423,3416,879,1138,802,1147,2252,503,606,2037,3239,1792,2027,2125,1364,398,1359,1195,6209,300,5635,2883,4465,1236,2553,757,309,5766,2957,4520,1248,2417,837,312,3222,2490,1196932
